id,firstName,lastName,companyName,webSite,emailId,gstNumber
1,Melisandra,Austwick,Fiveclub,Universidad de Colima,maustwick0@51.la,14-545-9804
2,Beryl,Gallimore,Mita,Lebanese University,bgallimore1@wiley.com,03-926-7955
3,Giff,Kendrick,Pixope,Irkutsk State University,gkendrick2@tripod.com,87-482-7076
4,Donovan,Regi,Meetz,Boston Architectural Center,dregi3@google.ru,56-781-4707
5,Bellina,Spurgeon,Skalith,Doane College,bspurgeon4@artisteer.com,55-858-1165
6,Dione,D'Alesco,Blogtags,Pedagogical University of Slupsk,ddalesco5@sohu.com,60-911-5725
7,Latrena,Daines,Demizz,Weizmann Institute of Science,ldaines6@jiathis.com,39-771-3445
8,Lazar,Sandland,Kanoodle,Université de Technologie de Compiègne,lsandland7@house.gov,52-972-9270
9,Fairfax,McDowell,Cogibox,University of Aden,fmcdowell8@networksolutions.com,94-520-7387
10,Itch,Dougary,Jazzy,Drury College,idougary9@buzzfeed.com,04-009-9830
11,Lorens,Bardnam,Photofeed,Universidad de Valladolid,lbardnama@cbsnews.com,19-708-8901
12,Kayley,Hewson,Rhyloo,St. Petersburg State Polytechnical University,khewsonb@dyndns.org,05-435-1494
13,Austine,Leamon,Wikibox,Universidad Tecnológica de El Salvador,aleamonc@weibo.com,59-296-3241
14,Kerrill,Fishbourn,Skilith,Moldova Cooperative Trade University,kfishbournd@nifty.com,84-136-2420
15,Carlita,Whiteway,Quire,New York College of Podiatric Medicine,cwhitewaye@apache.org,94-679-8454
16,Kathleen,Pinwill,Browseblab,Rani Durgavati University,kpinwillf@biblegateway.com,69-602-5854
17,Osgood,Kumaar,Quimm,"Institute of Teachers Education, Tengku Ampuan Afzan",okumaarg@ed.gov,77-387-2372
18,Darlleen,Doe,Edgeify,University of North Dakota,ddoeh@myspace.com,54-124-0470
19,Hamid,Bonicelli,Bluezoom,Belarussian State University,hbonicellii@linkedin.com,63-248-7836
20,Catarina,Texton,Mydeo,State University of Aerospace Technologies,ctextonj@bravesites.com,56-039-4753
21,Vania,Van Vuuren,Oba,Universidade Eduardo Mondlane,vvanvuurenk@house.gov,11-822-2476
22,Mikey,Worvell,Lazzy,University of Sulaimania (Kurdistan Region),mworvelll@123-reg.co.uk,53-682-5238
23,Geraldine,Buckingham,Yodo,German Jordanian University,gbuckinghamm@gov.uk,43-915-8427
24,Alex,Newlands,Buzzbean,Mayville State University,anewlandsn@prweb.com,67-396-1329
25,Anabal,Strut,Meembee,"St. Petersburg State University of Information Technologies, Mechanics and Optics",astruto@mlb.com,91-695-5430
26,Padraig,Groarty,Meevee,Hogeschool Utrecht,pgroartyp@gravatar.com,57-774-2271
27,Essy,Godmer,Einti,Morgan State University,egodmerq@jugem.jp,97-674-4838
28,Janeta,Lugg,Wikizz,Maharshi Dayanand Sarswati University Ajmer,jluggr@e-recht24.de,02-081-1740
29,Sal,Goaley,Yakitri,Universidad Nacional Experimental de Guayana,sgoaleys@ibm.com,41-907-4854
30,Gib,Coleridge,Zava,Kyushu Kyoritsu University,gcoleridget@diigo.com,71-580-9691
31,Luther,Warwick,Meevee,University of West Florida,lwarwicku@utexas.edu,13-597-4052
32,Winnah,Tomovic,Yakijo,Universidade de Tras-os-Montes e Alto Douro,wtomovicv@weebly.com,00-718-0534
33,Haleigh,Harston,Tagopia,Saratov State Medical University,hharstonw@behance.net,99-352-7716
34,Sutton,Burgon,Photojam,Institut Catholique d'Arts et Métiers Lille,sburgonx@java.com,70-421-4791
35,Amabel,Albrook,Dablist,University of the Sciences in Philadelphia,aalbrooky@furl.net,60-484-7572
36,Derrek,Fitzpatrick,Omba,University of Health Sciences,dfitzpatrickz@quantcast.com,30-122-1866
37,Honey,Langstrath,Photofeed,Instituto Politécnico Nacional,hlangstrath10@reference.com,66-007-1460
38,Dex,Antrum,Thoughtbridge,Damascus University,dantrum11@tiny.cc,99-095-2091
39,Bard,Jacke,Trilia,Universidad Rafael Urdaneta,bjacke12@mozilla.com,77-467-9518
40,Antony,Kidner,Skimia,Evergreen State College,akidner13@pcworld.com,30-758-6989
41,Addia,Silson,Brainbox,"University of California, San Francisco",asilson14@studiopress.com,29-147-5738
42,Dorine,Jandl,Roodel,Palmer College of Chiropractic,djandl15@example.com,29-375-9099
43,Spencer,Reeders,BlogXS,Ecole Nationale Vétérinaire de Lyon,sreeders16@purevolume.com,91-941-3409
44,Nathalie,Alman,Buzzster,Kaliningrad State Technical University,nalman17@paginegialle.it,28-437-4384
45,Orson,Welfare,Jabberstorm,Avicenna International College,owelfare18@nsw.gov.au,53-251-8315
46,Ethan,Fleetham,Myworks,Kanazawa University,efleetham19@posterous.com,83-944-7741
47,Loise,Skyram,Digitube,Fachhochschulstudiengänge Wels,lskyram1a@cnbc.com,68-137-7837
48,Shirl,Kubicek,Skyba,Stetson University,skubicek1b@epa.gov,30-831-9699
49,Ced,Haffner,Realbridge,Claremont Graduate University,chaffner1c@uiuc.edu,58-452-4733
50,Nathanael,Klees,Photojam,"Institute of Teachers Education, Keningau",nklees1d@deviantart.com,61-583-3444
51,Eolanda,Olorenshaw,Cogibox,University of Abuja,eolorenshaw1e@soup.io,94-630-2630
52,Piggy,Jenton,Feedfire,San Diego State University,pjenton1f@globo.com,29-201-2159
53,Robbyn,Wiggans,Zooxo,Kazak State University of Agriculture,rwiggans1g@flickr.com,40-175-8681
54,Konstantin,Espley,Tazz,Universitas Bhayangkara Surabaya,kespley1h@mlb.com,16-477-4250
55,Bonni,Veldens,Omba,Kokushikan University,bveldens1i@wordpress.com,01-688-4209
56,Kikelia,Petrou,Chatterpoint,Center for Humanistic Studies,kpetrou1j@rambler.ru,70-540-2804
57,Jeremiah,Batchley,Zoomzone,Oregon Health Sciences University,jbatchley1k@cpanel.net,08-272-8045
58,Kordula,Keynd,Wikido,Ecole Nationale des Ponts et Chausees,kkeynd1l@vistaprint.com,70-637-3677
59,Dene,Heikkinen,Jaloo,Amravati University,dheikkinen1m@wordpress.com,86-544-2708
60,Babs,Drewery,Avaveo,Saito College,bdrewery1n@ebay.co.uk,85-483-5155
61,Germain,Reckhouse,Meevee,Universidade Federal do Ceará,greckhouse1o@mapquest.com,15-012-9516
62,Alejandra,Brannigan,Skinder,University of Madras,abrannigan1p@networksolutions.com,67-782-3471
63,Garrick,Toolin,Youtags,Franklin University,gtoolin1q@nps.gov,39-301-7774
64,Elmira,Jerdein,Teklist,Park College,ejerdein1r@etsy.com,22-394-0084
65,Teresina,Vevers,Realpoint,"CollegeAmerica, Phoenix",tvevers1s@skyrock.com,63-493-1908
66,Kendell,Blague,Browsecat,Ethiopian Civil Service University,kblague1t@earthlink.net,86-420-1804
67,Vinny,Godden,Oyoyo,University of Wisconsin - Superior,vgodden1u@wikia.com,02-832-1784
68,Alana,Arstingall,Skipfire,Institute for Command Engineers of The Ministry for Emergency Situations,aarstingall1v@example.com,69-792-4960
69,Galina,Baunton,Twitterwire,Duke University,gbaunton1w@redcross.org,22-164-8780
70,Helli,Deverick,Jaxnation,Kazak American University,hdeverick1x@cyberchimps.com,14-898-0537
71,Bernadina,Stanlick,Cogidoo,Ho Chi Minh City Open University,bstanlick1y@discuz.net,34-135-6388
72,Guthry,Dosedale,Youspan,University of Northern Virginia,gdosedale1z@squarespace.com,38-653-1131
73,Bastian,Maria,Demimbu,Al-hikmah University,bmaria20@cafepress.com,28-664-4337
74,Leona,Payne,Thoughtstorm,University of Trieste,lpayne21@fema.gov,03-591-0271
75,Jocko,Jeanet,Flashset,Universidad Peruana Union,jjeanet22@sitemeter.com,09-710-5373
76,Garrett,Baldacchino,Ntag,Omsk State University,gbaldacchino23@so-net.ne.jp,30-858-8221
77,Levy,Bawcock,Linkbuzz,"National Academy for Theatre and Film Arts ""Krustju Sarafov""",lbawcock24@nps.gov,71-302-9074
78,Jameson,Baynes,Lajo,Universidad Autónoma del Estado de México,jbaynes25@miibeian.gov.cn,11-537-9183
79,Baillie,Rosterne,Skajo,Presbyterian College,brosterne26@typepad.com,33-928-0308
80,Kimble,Scarffe,Einti,Universidad del Mar,kscarffe27@twitpic.com,05-948-6347
81,Wilek,Isacsson,Babbleopia,Universidad Nacional del Callao,wisacsson28@histats.com,63-228-7510
82,Jeffy,Copins,Zoombeat,University of Maryland (System),jcopins29@java.com,84-307-1257
83,Mindy,Geindre,Linktype,Philippine Women's University,mgeindre2a@admin.ch,86-615-8136
84,Blisse,Unwins,Twitterbeat,Mogadishu University,bunwins2b@amazon.co.jp,76-660-0406
85,Sander,Bawcock,Divape,Second University of Naples,sbawcock2c@delicious.com,02-367-4247
86,Anet,Hopkins,Rhycero,Dav University,ahopkins2d@jugem.jp,85-631-4329
87,Adriane,Brewster,Brainlounge,Mount Union College,abrewster2e@ocn.ne.jp,88-421-7842
88,Madelle,Cleaton,Zoomcast,Salem International University,mcleaton2f@spiegel.de,01-310-1662
89,Sonja,Calderbank,Aimbo,University of Messina,scalderbank2g@amazon.de,02-459-9068
90,Rutter,Matteoni,Tagtune,I.M. Sechenov Moscow Medical Academy,rmatteoni2h@lulu.com,47-142-9859
91,Kipper,Taillard,Topiclounge,Brunel University Uxbridge,ktaillard2i@foxnews.com,30-838-3820
92,Jane,Critchley,Oyoloo,Loyola University New Orleans,jcritchley2j@bloglines.com,07-066-0560
93,Erda,Calabry,Thoughtbridge,Baltimore International College,ecalabry2k@surveymonkey.com,70-111-1962
94,Merell,Giacovetti,Oyondu,College of Europe,mgiacovetti2l@ezinearticles.com,28-374-3772
95,Hurley,Roggero,Yambee,Southwestern College Santa Fe,hroggero2m@theglobeandmail.com,73-883-4314
96,Babb,McQuilliam,Izio,Osaka University of Health and Sport Sciences,bmcquilliam2n@discovery.com,29-454-4608
97,Hannah,Robert,Kwilith,Ecole Supérieure des Sciences Economiques et Commerciales,hrobert2o@sitemeter.com,90-993-4073
98,Ema,Rockell,Twimm,Universidade Federal do Amapá,erockell2p@seesaa.net,33-584-3129
99,Drusi,Boman,Tagcat,Universität Fridericana Karlsruhe (Technische Hochschule),dboman2q@sciencedirect.com,63-357-2136
100,Fayette,Tchaikovsky,Muxo,Université de Reims Champagne-Ardenne,ftchaikovsky2r@aol.com,50-804-7888
101,Faustina,Pirkis,Browsetype,Baki Business University,fpirkis2s@cbsnews.com,02-205-9990
102,Austina,Montfort,Jetpulse,Katholische Hochschule für Soziale Arbeit Saarbrücken,amontfort2t@imdb.com,38-010-0077
103,Dunstan,Threlfall,Flipbug,Mogilev State University A.A. Kuleshov,dthrelfall2u@ucsd.edu,38-020-7477
104,Silvester,Timblett,Zava,Yeungnam University,stimblett2v@intel.com,86-572-2486
105,Aurelie,Hallewell,Bubbletube,University of Priština,ahallewell2w@technorati.com,06-844-1767
106,Court,Embury,Yacero,Mersin University,cembury2x@trellian.com,30-569-5755
107,Zenia,Portigall,Thoughtmix,Universitas Bhayangkara Jakarta Raya,zportigall2y@is.gd,07-714-2303
108,Missie,Burns,Quinu,"Troy University, Dothan",mburns2z@surveymonkey.com,95-101-0120
109,Mason,Bows,Tekfly,Yonsei University,mbows30@g.co,12-106-4425
110,Sharon,Liddiard,Miboo,Escuela Colombiana de Ingeniería Julio Garavito,sliddiard31@youku.com,41-244-0918
111,Calhoun,Crowther,Agivu,Cogswell Polytechnical College,ccrowther32@bbb.org,03-886-2112
112,Angelico,Wearden,Topicware,University of Benghazi,awearden33@paginegialle.it,01-605-9218
113,Chandler,Crevagh,Devpoint,Bowen University,ccrevagh34@msn.com,38-248-1284
114,Meyer,Jozaitis,Skajo,"Ecole Nationale Supérieure en Electrotechnique, Electronique, Informatique et Hydraulique de Toulouse",mjozaitis35@delicious.com,68-870-1839
115,Saloma,Corkish,Lajo,College of Busniess Admnistration,scorkish36@blogger.com,87-902-2189
116,Melita,Tight,Riffwire,"Royal Academy of Music, University of London",mtight37@youtu.be,97-696-4952
117,Ursuline,Atter,Skilith,Universidad de Montemorelos,uatter38@fda.gov,58-444-3528
118,Booth,Butchart,Babbleset,Southwestern Oklahoma State University,bbutchart39@disqus.com,20-850-1436
119,Harry,Dowtry,Mydeo,Technische Universität Ilmenau,hdowtry3a@tamu.edu,39-184-3851
120,Ysabel,Beek,Voolith,Kawamura Gakuen Woman's University,ybeek3b@engadget.com,65-878-4294
121,Walther,Sponder,Jamia,Universidad Tecnológica de Panamá,wsponder3c@sciencedaily.com,07-048-9045
122,Ibrahim,Clayhill,Chatterpoint,Hochschule Magdeburg-Stendal (FH),iclayhill3d@msu.edu,26-888-2509
123,Quinlan,Goldfinch,Lazzy,University of Nueva Caceres,qgoldfinch3e@t.co,53-629-3166
124,Isa,Brimmell,Midel,Christian Brothers University,ibrimmell3f@yale.edu,15-112-3703
125,Eugenie,Naseby,Brainverse,Tokyo International University,enaseby3g@addtoany.com,18-173-5471
126,Kev,Manhare,Fliptune,Lithunian Veterinary Academy,kmanhare3h@1und1.de,80-352-1986
127,Goldie,Langabeer,Divanoodle,Rhodes College,glangabeer3i@yelp.com,88-134-3423
128,Ame,Frere,Skidoo,St Clements University - Higher Education School,afrere3j@springer.com,24-153-6818
129,Troy,Frankel,Wordtune,Chiang Mai University,tfrankel3k@friendfeed.com,58-074-0976
130,Kali,Alliston,Bluezoom,Bastyr University,kalliston3l@statcounter.com,23-386-4462
131,Gisela,Rockall,Topicblab,Universidad Andina Nestor Caceares Velasquez,grockall3m@blogger.com,85-596-0624
132,Garik,Shippard,Kazu,Southern California Institute of Architecture,gshippard3n@youtu.be,34-158-7157
133,Shela,McAuliffe,Feedmix,Universitas 17 Agustus 1945 Semarang,smcauliffe3o@ft.com,81-922-0728
134,Scarlett,Sandcraft,Thoughtbridge,Thomas More College,ssandcraft3p@techcrunch.com,81-502-9832
135,Baldwin,Piccard,Innojam,Universidad Nacional Santiago Antúnez de Mayolo,bpiccard3q@theatlantic.com,22-584-6545
136,Daune,Deighton,Topiczoom,AGH University of Science and Technology,ddeighton3r@spotify.com,94-449-6131
137,Robyn,Izak,Abatz,Edogawa University,rizak3s@hud.gov,94-175-0592
138,Romola,Picard,Feedfire,Polytechnic Institute of Milan,rpicard3t@4shared.com,32-799-0758
139,Chrystel,Leavens,Tagfeed,Université de Tunis El Manar,cleavens3u@gnu.org,94-596-2243
140,Marian,Durdan,Wikivu,American University of Antigua,mdurdan3v@t.co,34-503-7287
141,Corbie,Hacking,Voomm,Université de Guelma,chacking3w@booking.com,98-652-3580
142,Katuscha,Angood,Pixoboo,Almustafa Open University,kangood3x@yale.edu,36-187-4503
143,Corrie,Bremley,Agivu,San Francisco Conservatory of Music,cbremley3y@symantec.com,18-393-1594
144,Celka,Escot,Mudo,Armed Forces Academy of General Milan Rastislav Štefánik,cescot3z@free.fr,53-763-0237
145,Krispin,Lumpkin,Edgewire,Merkur Internationale FH Karlsruhe,klumpkin40@nasa.gov,47-161-1981
146,Nicolai,Jakubowicz,Plajo,Intercollege,njakubowicz41@cbsnews.com,79-055-3203
147,Corrine,McCoughan,Photobug,"City University of New York, Bernard M. Baruch College",cmccoughan42@nyu.edu,20-787-0436
148,Zane,Drinnan,Trupe,Mercyhurst College,zdrinnan43@columbia.edu,15-349-6567
149,Adela,Abreheart,Edgewire,Universidad Mariano Egaña,aabreheart44@cnbc.com,59-789-6171
150,Tanner,Swadden,Edgeblab,International Medical University,tswadden45@godaddy.com,62-635-4252
151,Sky,Drexel,Omba,Mount Royal College,sdrexel46@hugedomains.com,74-163-6428
152,Shanie,Litchfield,Browsezoom,Ecole Nationale Supérieure des Telecommunications de Paris,slitchfield47@live.com,91-159-9752
153,Josi,McGrouther,Feedfish,Donetsk National Technical University,jmcgrouther48@wix.com,33-928-1594
154,Kayla,Abramovitch,Devify,University of Jyväskylä,kabramovitch49@yolasite.com,56-898-1956
155,Gabi,Duiged,Fiveclub,University of the Philippines Los Banos,gduiged4a@gnu.org,36-333-7763
156,Ruddie,Munday,Viva,"Fachhochschule Heilbronn, Hochschule für Technik und Wirtschaft",rmunday4b@webnode.com,26-432-3596
157,Netty,Cockerell,Jabberbean,Gaborone Universal College of Law,ncockerell4c@usatoday.com,14-617-3975
158,Taber,Kording,Gigazoom,University of Applied Sciences Aargau,tkording4d@surveymonkey.com,44-415-4188
159,Cirillo,Reinbech,Twitterbridge,Art Institute of Charlotte,creinbech4e@virginia.edu,51-609-5246
160,Berkie,Baldwin,Dabvine,Western States Chiropractic College,bbaldwin4f@bbc.co.uk,93-410-1438
161,Konstantin,Halliberton,Vimbo,Hashemite University,khalliberton4g@vimeo.com,06-820-9749
162,Rayshell,Ladel,Mydo,Izhevsk State Technical University,rladel4h@upenn.edu,43-839-0311
163,Arabelle,Rummings,Feednation,Columbus University,arummings4i@dion.ne.jp,56-105-7468
164,Jerrome,Ayers,Brainsphere,University of Hartford,jayers4j@indiatimes.com,20-980-0642
165,Jeni,Oleszkiewicz,Quaxo,Hankuk Aviation University,joleszkiewicz4k@opera.com,73-346-3553
166,Jessamine,Figin,Yodel,Rhodes College,jfigin4l@liveinternet.ru,61-160-0918
167,Eugenie,Hopkins,Mynte,Nelson Mandela Metropolitan University,ehopkins4m@cargocollective.com,50-200-7992
168,Leonidas,Dumbelton,Thoughtworks,Sultan Salahuddin Abdul Aziz Shah Polytechnic,ldumbelton4n@soundcloud.com,90-703-6177
169,Brynne,Wasielewski,Mycat,Southern University - New Orleans,bwasielewski4o@walmart.com,06-288-7688
170,Lilllie,Franz-Schoninger,Nlounge,Tabriz College of Technology,lfranzschoninger4p@merriam-webster.com,65-210-8593
171,Giustina,Desporte,Myworks,Universidad CES,gdesporte4q@forbes.com,97-303-1170
172,Gunner,Sinnott,Jabbertype,Universidad Nacional San Luis Gonzaga,gsinnott4r@alexa.com,50-233-4218
173,Biron,Limbourne,Wikizz,St. Louis Christian College,blimbourne4s@java.com,25-557-1142
174,Bailey,Besse,Gabcube,Portland State University,bbesse4t@senate.gov,48-222-5713
175,Goran,Drugan,Kwilith,Vilnius Academy of Arts,gdrugan4u@rambler.ru,12-651-2340
176,Alfi,Ben,Yoveo,Carlow Institute of Technology,aben4v@icq.com,65-142-9192
177,Elisabetta,Pitkaithly,Meezzy,Yokohama College of Commerce,epitkaithly4w@chronoengine.com,93-174-7610
178,Odilia,Hatter,Feednation,Belgorod State University,ohatter4x@springer.com,89-893-9505
179,Benji,Harvey,Ozu,Universidad Agraria del Ecuador,bharvey4y@csmonitor.com,46-651-5009
180,Quinn,Amburgy,Kayveo,Jilin University,qamburgy4z@aboutads.info,69-099-3493
181,Yule,Kesten,Quamba,University of Aberdeen,ykesten50@hud.gov,72-446-0720
182,Berry,Saenz,Wikivu,Rajendra Agricultural University,bsaenz51@redcross.org,90-634-2041
183,Peggie,Gorton,Livetube,Universität Hamburg,pgorton52@who.int,49-490-3956
184,Alvie,Tuny,Fivespan,Andhra University,atuny53@economist.com,14-035-1814
185,Rori,Gorgl,Thoughtblab,Gifu University,rgorgl54@liveinternet.ru,69-703-5031
186,Gian,Olorenshaw,Wordpedia,College of Europe,golorenshaw55@cdc.gov,30-254-7766
187,Saidee,Peplay,Kwinu,Universidad Central de Bayamón,speplay56@youku.com,68-377-2704
188,Aida,Leathes,Eadel,Shawnee Community College,aleathes57@bravesites.com,14-697-9130
189,Rob,Titman,Realcube,Armenian State University of Economics,rtitman58@apple.com,78-582-7942
190,Betteann,Durham,Ozu,Universidad Técnica de Manabí,bdurham59@gizmodo.com,98-127-8657
191,Allister,Bransden,Mymm,University of Texas Southwestern Medical Center at Dallas,abransden5a@sciencedaily.com,27-457-9117
192,Elaine,Jimmison,Skynoodle,Naif Arab University for Security Sciences,ejimmison5b@cbslocal.com,32-607-8558
193,Gerda,Callaby,Mydo,University of Liverpool,gcallaby5c@umn.edu,72-629-7585
194,Francklin,McDade,Yodel,Universidad Católica Santo Toribio de Mogrovejo,fmcdade5d@ed.gov,70-863-8868
195,Babara,Bonson,Thoughtbridge,Southern New Hampshire University,bbonson5e@dailymail.co.uk,94-410-2976
196,Osbourne,Parysiak,Zooveo,College of Notre Dame of Maryland,oparysiak5f@paginegialle.it,97-083-4103
197,Jeri,Shouler,Kamba,"University of Perpetual Help, System Dalta",jshouler5g@zimbio.com,48-868-4104
198,Mirella,O'Breen,Npath,Kanto Gakuin University,mobreen5h@lulu.com,95-499-4472
199,Gaspar,Enoch,Dynabox,Catholic University of Pusan,genoch5i@squarespace.com,33-693-6590
200,Tina,Elflain,Jaxworks,Kookmin University,telflain5j@eventbrite.com,08-530-3714
201,Cody,Blakeney,Rhycero,Universidad Autónoma de Yucatán,cblakeney5k@stanford.edu,68-342-6885
202,Grantham,Cahey,Jetpulse,Volgograd State University,gcahey5l@godaddy.com,64-377-1727
203,Nickolas,Gerrell,Tagtune,Southern University - Baton Rouge,ngerrell5m@gmpg.org,94-106-1631
204,Gerri,Zimmerman,Thoughtsphere,Universidad del Mar,gzimmerman5n@google.com.hk,24-584-9219
205,Tony,Carwardine,Gigabox,"Institute of Teachers Education, Kota Bharu",tcarwardine5o@sciencedirect.com,41-008-3056
206,Eli,Bart,Jazzy,Universidade de São Paulo,ebart5p@nba.com,90-787-3131
207,Hillyer,Pringell,Devpoint,Al-Wataniya Private University,hpringell5q@tamu.edu,00-011-2532
208,Yetta,Skacel,Midel,Universidad Central del Valle del Cauca,yskacel5r@fema.gov,52-837-3790
209,Julita,Northidge,Twiyo,Mashhad University of Medical Sciences,jnorthidge5s@wordpress.com,51-894-2159
210,Karl,Paskell,Thoughtblab,University of South Carolina - Salkehatchie,kpaskell5t@opensource.org,71-594-5325
211,Reidar,Scourgie,Rooxo,Universidad La Gran Colombia,rscourgie5u@wufoo.com,97-610-2135
212,Maurie,Kleen,Tanoodle,Gujarat Ayurved University,mkleen5v@blogtalkradio.com,11-354-1517
213,Novelia,Jaher,Topiclounge,Huazhong Agricultural University,njaher5w@goo.gl,38-153-5543
214,Ainslee,Coo,Vinder,"Fachhochschule Westküste, Hochschule für Wirtschaft und Technik",acoo5x@stanford.edu,83-004-7452
215,Lion,Carnock,Eadel,Kobe Shoin Women's University,lcarnock5y@opensource.org,54-685-8229
216,Lanita,Langworthy,Tambee,North Ossetian State University,llangworthy5z@barnesandnoble.com,43-577-2473
217,Pepita,Tabbernor,Zoombeat,"New York University, Abu Dhabi",ptabbernor60@princeton.edu,05-474-8111
218,Susanetta,Prophet,Kamba,Seokyeong University,sprophet61@symantec.com,26-052-1012
219,Madeline,Willatt,Midel,Otaru University of Commerce,mwillatt62@rediff.com,10-177-6896
220,Nancy,Faulo,Oyoyo,Huafan University,nfaulo63@shutterfly.com,79-311-1130
221,Edvard,Stanbra,Mybuzz,"California State University, Bakersfield",estanbra64@eepurl.com,04-952-5389
222,Dulcy,Cubuzzi,Blogtags,"Universidad del Norte ""Santo Tomás de Aquino""",dcubuzzi65@reddit.com,24-341-1572
223,Nonnah,Plues,Feedmix,University of Southern Indiana,nplues66@dagondesign.com,41-113-2023
224,Karena,Bernhard,Oodoo,Karlshochschule International University,kbernhard67@shareasale.com,95-370-5111
225,Cecil,Chatel,Livefish,Universität Potsdam,cchatel68@phoca.cz,97-879-9153
226,Rinaldo,Tabord,Flashpoint,Fachhochschule für Bank- und Finanzwirtschaft,rtabord69@ezinearticles.com,28-215-9173
227,Ira,Netley,Devcast,Pedagogical University of Slupsk,inetley6a@trellian.com,86-674-4514
228,Thorstein,Stannah,Feedmix,Politeknik Negeri Jakarta,tstannah6b@icio.us,77-177-6064
229,Boycie,Kybird,Vinder,Open University,bkybird6c@fema.gov,11-903-2074
230,Chloris,Fittis,Mudo,Zhetysu State University ,cfittis6d@craigslist.org,49-287-6198
231,Gloriane,Iacobassi,Devpoint,Oregon Graduate Institute of Science and Technology,giacobassi6e@oracle.com,21-454-6776
232,Corny,Epdell,Brainverse,Floret Global University,cepdell6f@washington.edu,31-516-6420
233,Renee,Matthaus,Devshare,Universidad San Francisco Xavier de Chuquisaca,rmatthaus6g@flavors.me,92-308-9567
234,Leslie,Quirke,Zoomcast,Rhodes College,lquirke6h@ebay.com,90-207-1006
235,Humberto,Isakson,Wordify,International University of Novi Pazar,hisakson6i@photobucket.com,23-819-4527
236,Maxi,Cosham,Oyondu,National Central University,mcosham6j@engadget.com,52-863-6622
237,Lyndsey,Uwins,Tanoodle,South China Normal University,luwins6k@uol.com.br,26-597-5636
238,Blaire,Tibols,Kazu,The Naropa Institute,btibols6l@cisco.com,49-717-0647
239,Camella,Ellins,Muxo,Roosevelt Academy University College,cellins6m@t.co,08-945-1319
240,Whittaker,Eagell,Twitterbeat,University of Bacau,weagell6n@cbslocal.com,53-618-6979
241,Kessia,Veryard,Dynabox,Elizabeth City State University,kveryard6o@wikia.com,24-138-0052
242,Deane,Marsham,Fivechat,European University at St.Petersburg,dmarsham6p@toplist.cz,59-008-0389
243,Kimberli,Casemore,Riffwire,Universidad Complutense de Madrid,kcasemore6q@vk.com,92-947-6113
244,Cherri,Stolting,Rhynoodle,Colorado State University-Pueblo,cstolting6r@mlb.com,63-053-8403
245,Yalonda,Bending,Tazz,Westfälische Wilhelms-Universität Münster,ybending6s@smugmug.com,96-882-6190
246,Pollyanna,Meeron,Digitube,Privredna Akademija (Business Academy),pmeeron6t@gravatar.com,42-150-5088
247,Torry,Risebarer,Fivechat,West Bengal University of Technology,trisebarer6u@youku.com,23-785-0507
248,Anson,Alsford,Linklinks,Université de Ngaoundéré,aalsford6v@google.pl,08-184-4500
249,Ase,Gabbat,Quatz,Saitama Medical School,agabbat6w@dyndns.org,67-737-5860
250,Elene,De Vuyst,Aimbu,Universidad Particular de Chiclayo,edevuyst6x@auda.org.au,93-158-9502
251,Parnell,Newlands,Zava,PTPL College,pnewlands6y@answers.com,80-191-3095
252,Gabe,Godridge,Centimia,Gyeongsang National University,ggodridge6z@dion.ne.jp,50-639-8815
253,Judas,Thickpenny,Zoombox,Université de Béjaia,jthickpenny70@digg.com,75-257-9150
254,Regan,Sinyard,Vinte,Shendi University,rsinyard71@sciencedirect.com,57-408-5737
255,Mariel,Allcorn,Flashset,"Wissenschaftliche Hochschule für Unternehmensführung, Otto-Beisheim Hochschule",mallcorn72@yolasite.com,98-076-9643
256,Basia,Burgoine,Thoughtbeat,National Institute of Development Administration,bburgoine73@adobe.com,71-975-7310
257,Halli,Cadwallader,Skivee,Technological University of the Philippines,hcadwallader74@godaddy.com,48-429-1856
258,Goldi,Stein,Shuffletag,Southern New Hampshire University,gstein75@yellowbook.com,14-579-3890
259,Roland,Pearmain,Lajo,Monash University,rpearmain76@blog.com,66-778-0879
260,Marcela,Andrey,Edgeclub,National Mining University,mandrey77@infoseek.co.jp,33-283-3816
261,Isacco,Marner,Dabfeed,Ecole Nationale Supérieure de Chimie de Toulouse,imarner78@sfgate.com,09-310-1688
262,Saundra,Sayre,Zoovu,San Jose State University,ssayre79@forbes.com,23-106-0277
263,Cristen,Lauderdale,Twimbo,New York Medical College,clauderdale7a@uol.com.br,07-909-9202
264,Olwen,Sighard,Skinix,Uttarakhand Open University ,osighard7b@mozilla.com,54-602-5361
265,Mead,Haselwood,Talane,Academia Nacional Superior de Orquesta,mhaselwood7c@comcast.net,08-799-2216
266,Seka,Slyford,Shufflester,South Carolina State University,sslyford7d@etsy.com,61-015-8317
267,Mahmoud,Pillans,Brightbean,Islamic College for Sciences and Technologies,mpillans7e@taobao.com,75-152-0733
268,Nevile,Redwin,Yotz,"Fachhochschule Rosenheim, Hochschule für Technik und Wirtschaft",nredwin7f@ow.ly,71-359-1347
269,Morganica,Jansema,Jabberstorm,Instituto Universitario de La Paz,mjansema7g@tamu.edu,06-695-1795
270,Bernice,Semrad,Roodel,Texila American University,bsemrad7h@thetimes.co.uk,71-835-4353
271,Mill,O'Fairy,Jaxnation,St. Paul University,mofairy7i@discuz.net,83-250-2570
272,Tildy,Godbert,Feedfire,Blue Nile University,tgodbert7j@lulu.com,02-826-7741
273,Duncan,Jarmain,Jayo,Tokyo Metropolitan University,djarmain7k@princeton.edu,23-903-3805
274,Helen,Bubb,Vitz,Toyama University of International Studies,hbubb7l@umn.edu,88-336-2563
275,Elita,Winkworth,Jabbersphere,Kursk State Technical University,ewinkworth7m@ycombinator.com,76-109-2704
276,Hamlen,Abeles,Babbleopia,Miyazaki Municipal University,habeles7n@va.gov,76-212-2510
277,Vickie,Ragge,Lazz,Sultanah Bahiyah Polytechnic,vragge7o@e-recht24.de,36-168-8298
278,Shaina,Weston,Vinte,University of Liverpool,sweston7p@cdc.gov,78-501-2667
279,Kesley,Mitkcov,Livetube,Pennsylvania State University - Milton S.Hershey Medical Center,kmitkcov7q@google.de,61-134-5717
280,Kendricks,Frayne,Dynazzy,National Defence Medical College,kfrayne7r@moonfruit.com,21-663-3139
281,Skye,Ninnis,JumpXS,Les Roches International School of Hotel Management,sninnis7s@gizmodo.com,62-817-1416
282,Leila,Cuncarr,Linklinks,Katholische Fachhochschule Mainz,lcuncarr7t@smh.com.au,19-908-5536
283,Jessie,McMinn,Wordify,Kamchatka State University Vitus Bering,jmcminn7u@nih.gov,56-688-5012
284,Lelia,Whinray,Demizz,University of Constanta Medical School,lwhinray7v@boston.com,54-602-6584
285,Putnam,Riall,Divavu,University of Juba,priall7w@arstechnica.com,87-694-0836
286,Violette,Ponten,Riffwire,Universitas Sarjanawiyata Tamansiswa,vponten7x@discovery.com,01-850-3046
287,Brew,Hindenburg,Kazu,Universidad Nicaragüense de Ciencia y Tecnológica,bhindenburg7y@bloglines.com,17-025-4519
288,Ruth,Farlowe,Viva,Nairobi Technical Training Institute ,rfarlowe7z@usgs.gov,49-509-6054
289,Elset,Booley,Zoomcast,Central College,ebooley80@weebly.com,30-507-4882
290,Elita,Ondrich,BlogXS,Adventist University of Africa,eondrich81@hostgator.com,92-447-7482
291,Henderson,Hathorn,Blogpad,Szent István University,hhathorn82@theglobeandmail.com,32-770-2066
292,Hyacinthe,Minor,Gabcube,Université Joseph Fourier (Grenoble I),hminor83@cbslocal.com,59-470-1915
293,Amaleta,Espadas,Aibox,St. Mary's College of Maryland,aespadas84@biglobe.ne.jp,67-363-7852
294,Titus,Burkett,Jayo,Universidad Nacional de San Agustin,tburkett85@pagesperso-orange.fr,82-702-2669
295,Kirsten,McKibben,Yodo,Brest State Technical University,kmckibben86@t-online.de,25-558-4705
296,Magdalena,Penddreth,Edgeclub,Vignan University,mpenddreth87@delicious.com,75-416-9436
297,Penelopa,De Cristofalo,Thoughtmix,Baki Business University,pdecristofalo88@ftc.gov,39-992-3625
298,Sean,Millmore,Riffpedia,Instituto Superior Politécnico José Antonio Echeverría,smillmore89@baidu.com,66-481-5780
299,Rowe,Bate,Vipe,Universitas Kediri,rbate8a@bloomberg.com,02-755-3312
300,Nickey,Ledwich,Avaveo,University Konstantina Filozov in Nitra,nledwich8b@npr.org,47-437-0280
301,Esmeralda,Strong,Gevee,Wiley College,estrong8c@who.int,35-845-6233
302,Stephine,Conkay,Mudo,Harvard University,sconkay8d@acquirethisname.com,76-738-3190
303,Florella,Heaphy,Twitternation,St. John's University,fheaphy8e@skyrock.com,01-055-6294
304,Travers,Ayers,Teklist,Universitas Udayana,tayers8f@engadget.com,98-913-3389
305,Norry,Crummey,Browsebug,Engineering Faculty of Asian University,ncrummey8g@phoca.cz,50-258-8891
306,Pierrette,Cragoe,Zoonoodle,"DeVry Institute of Technology, Columbus",pcragoe8h@wp.com,74-511-9534
307,Meir,Speeding,Skimia,"Universidad Nacional de la Patagonia ""San Juan Bosco""",mspeeding8i@over-blog.com,92-644-6582
308,Delano,St. John,Edgetag,"Universidad Pedagógica Nacional ""Francisco Morazán""",dstjohn8j@google.com,55-713-6051
309,Charin,Petrov,Riffpedia,Grace University,cpetrov8k@youtube.com,30-435-7377
310,Keary,Linstead,Browsebug,Ecole Nationale Supérieure de Chimie de Mulhouse,klinstead8l@blogger.com,86-164-9948
311,Lucila,Dwerryhouse,Roomm,Liverpool Hope University College,ldwerryhouse8m@bluehost.com,24-950-4743
312,Saunder,Clyant,Cogibox,University of Western Australia,sclyant8n@buzzfeed.com,14-912-4011
313,Kathi,Hierro,Skyble,University of Richmond,khierro8o@people.com.cn,32-945-6877
314,Bradney,Orriss,Ntags,Catholic University in Ružomberok,borriss8p@simplemachines.org,06-684-4783
315,Josee,Mackrell,Geba,Knoxville College,jmackrell8q@newsvine.com,93-714-1969
316,Kylie,Hunsworth,Yadel,Université Louis Pasteur (Strasbourg I),khunsworth8r@163.com,82-851-2166
317,Deni,Tabour,Wikido,Universitas Pancasakti Tegal,dtabour8s@cisco.com,43-241-4696
318,Shayna,Dalmon,Riffwire,Ho Chi Minh City University of Natural Sciences,sdalmon8t@census.gov,71-738-0499
319,Antoine,Lugton,Tagopia,Jarvis Christian College,alugton8u@canalblog.com,47-083-0845
320,Serge,Addams,Edgewire,Benguet State University,saddams8v@home.pl,36-254-3270
321,Tadio,Agglio,Innojam,"Institute of Teachers Education, Perlis",tagglio8w@newyorker.com,43-219-6187
322,Rose,Surguine,Linkbridge,Myongji University,rsurguine8x@canalblog.com,83-515-4083
323,Emmy,Rozanski,Thoughtstorm,Webster University North Florida,erozanski8y@smugmug.com,04-016-9801
324,Lynnet,Shickle,Skippad,Huazhong Agricultural University,lshickle8z@howstuffworks.com,93-839-0535
325,Mariann,Shillan,Plajo,Mogilev State University A.A. Kuleshov,mshillan90@bigcartel.com,27-834-9393
326,Killian,Sharper,Jabberbean,Darton College,ksharper91@msu.edu,20-950-0902
327,Riccardo,Boase,Meejo,Ibaraki Prefectural University of Health Sciences,rboase92@cmu.edu,86-241-3115
328,Janel,Lavrinov,Thoughtbridge,"Universidad del Norte ""Santo Tomás de Aquino""",jlavrinov93@craigslist.org,50-914-0682
329,Prudence,Saturley,Twitternation,Regent International University,psaturley94@ft.com,74-808-1499
330,Blair,Loudon,Bluezoom,Politeknik Negeri Lhokseumawe,bloudon95@skyrock.com,37-205-2574
331,Rafi,Sones,Skilith,Universidad ISALUD,rsones96@adobe.com,09-406-4323
332,Deedee,Stillmann,Rhycero,Lund University,dstillmann97@hatena.ne.jp,18-766-2013
333,Lyssa,Chasen,Riffpedia,University of Veterinary and Pharmaceutical Science,lchasen98@clickbank.net,27-186-7808
334,Ania,Ollivier,Avaveo,Rhode Island School of Design,aollivier99@huffingtonpost.com,27-325-9004
335,Arney,Ruperto,Riffpath,Universidad de Guayaquil,aruperto9a@squidoo.com,54-396-6840
336,Benedikt,MacAnulty,Shufflebeat,Institute of Social Studies,bmacanulty9b@google.com.hk,28-917-2016
337,Rosalinda,Brickner,Skynoodle,University of Warsaw,rbrickner9c@va.gov,58-205-7932
338,Tanney,Roddy,Roomm,Universidad Técnica de Babahoyo,troddy9d@mayoclinic.com,68-880-0796
339,Martguerita,Guillet,Oyoyo,Osaka Dental University,mguillet9e@sbwire.com,80-930-4452
340,Barris,Ort,Jayo,Gulf Medical University,bort9f@squarespace.com,95-605-2331
341,Pierre,Zieme,Innotype,International University of Business Agriculture and Technology,pzieme9g@barnesandnoble.com,33-812-2222
342,Karlis,Snook,Shuffletag,Franklin and Marshall College,ksnook9h@cdc.gov,93-648-9890
343,Nike,Brann,Ainyx,Aquinas University,nbrann9i@i2i.jp,03-617-6584
344,Sanderson,Ferrier,Mydo,Rochester College,sferrier9j@ebay.com,70-618-5687
345,Ezra,Conkling,Skyvu,Hillsdale College,econkling9k@ed.gov,50-471-0634
346,Renie,Kemson,Livefish,Universidad Tecnológica América,rkemson9l@wp.com,44-812-9740
347,Lammond,Frankum,Youbridge,William Woods University,lfrankum9m@uol.com.br,93-232-4968
348,Tyrone,Yegorchenkov,Fliptune,Universidad Autónoma de Tamaulipas,tyegorchenkov9n@paginegialle.it,16-937-4952
349,Marylynne,Pignon,Myworks,University of the Punjab,mpignon9o@narod.ru,03-144-7106
350,Tracie,Daglish,Lazzy,Universidad Santo Tomás,tdaglish9p@diigo.com,37-119-0668
351,Terrye,Studholme,Kwimbee,University of Adelaide,tstudholme9q@baidu.com,94-644-3399
352,Herminia,Smithson,Kanoodle,Kyrgyz State Technical University,hsmithson9r@mtv.com,09-813-2822
353,Selie,Hempshall,Geba,Al Rafidain University College,shempshall9s@imgur.com,66-917-8461
354,Cale,Winning,Latz,Southwestern Christian College,cwinning9t@tiny.cc,58-468-2784
355,Clarissa,Gow,Vitz,Lipeck State Technical University,cgow9u@exblog.jp,92-523-2093
356,Perkin,Manach,Skipfire,Universiteit Antwerpen,pmanach9v@soup.io,69-891-6654
357,Hugues,Whaymand,Flashset,Deutsche Sporthochschule Köln,hwhaymand9w@omniture.com,91-472-0129
358,Ursa,Lindstrom,Twitterwire,University of Trento,ulindstrom9x@wufoo.com,13-217-8532
359,Ella,Dowle,Trupe,ITT Technical Institute Portland,edowle9y@tamu.edu,27-317-7909
360,Nathanael,Bernardoni,Yacero,Novosibirsk State Agricultural University,nbernardoni9z@dailymail.co.uk,03-433-8165
361,Pebrook,Bignold,Zoombeat,Donetsk National University,pbignolda0@furl.net,40-531-6474
362,Drusie,Olpin,Kanoodle,Himachal Pradesh Agricultural University,dolpina1@foxnews.com,73-026-1223
363,Carmelita,Ellard,Geba,Université d'Auvergne (Clermont-Ferrand I),cellarda2@mit.edu,01-856-8562
364,Daphne,Songer,Tanoodle,EPF Ecole d'Ingénieurs,dsongera3@apache.org,82-558-9732
365,Appolonia,Rawstorne,Wordify,Avicenna International College,arawstornea4@google.fr,03-482-0421
366,Dare,Willsmore,Brightdog,University of San Francisco,dwillsmorea5@skyrock.com,79-495-3042
367,Honor,Boarleyson,Skaboo,B. S. Abdur Rahman University,hboarleysona6@amazonaws.com,12-522-0041
368,Carroll,Summers,Yambee,Tohoku Fukushi University,csummersa7@goo.ne.jp,27-357-5651
369,Fernandina,Brabin,Kanoodle,"Davenport College of Business, Grand Rapids",fbrabina8@sphinn.com,12-286-3816
370,Elfrieda,Baynham,Photobug,Medizinische Universität Lübeck,ebaynhama9@dell.com,87-646-8169
371,Venita,Tomkowicz,Pixope,Al Mansour University College,vtomkowiczaa@epa.gov,98-578-5305
372,Bucky,Scoon,Centidel,Nara University of Education,bscoonab@goo.ne.jp,80-537-5336
373,Cameron,Longford,Agivu,Howard University,clongfordac@phoca.cz,85-654-6229
374,Cyril,Wrotchford,Jabbertype,American University of Afghanistan,cwrotchfordad@pagesperso-orange.fr,74-762-0727
375,Ayn,Sporle,Linktype,Yamanashi Gakuin University,asporleae@scribd.com,92-395-4168
376,Matthus,Norfolk,Browseblab,University of Northern Colorado,mnorfolkaf@baidu.com,85-239-4812
377,Marlena,Twittey,Jaloo,Northeastern University,mtwitteyag@narod.ru,53-135-6186
378,Padgett,Burniston,Twitterlist,Universidad Técnica de Cotopaxi,pburnistonah@eventbrite.com,25-889-4000
379,Whitby,Ladewig,Zoomcast,Silesian University,wladewigai@google.com,43-390-9851
380,Dianna,McKeller,Roomm,Foundation University,dmckelleraj@icio.us,45-962-0096
381,Angelia,Tollit,Ozu,State University of Aerospace Technologies,atollitak@vkontakte.ru,02-022-1992
382,Sherill,Redsull,Photofeed,Stamford University,sredsullal@state.gov,53-614-4214
383,Randall,Jewis,Feedbug,Adeleke University,rjewisam@cnn.com,99-792-9162
384,Trista,Grellier,Twitterbeat,Pädagogische Hochschule Karlsruhe,tgrellieran@accuweather.com,41-965-7968
385,Rancell,Barrett,Muxo,University of Balochistan,rbarrettao@dailymotion.com,33-548-2831
386,Tabor,Dedmam,Linklinks,"Music Academy ""Karol Lipinski"" in Wroclaw",tdedmamap@t-online.de,73-838-0574
387,Jody,Semper,Shufflester,Instituto Politécnico de Bragança,jsemperaq@buzzfeed.com,88-761-5489
388,Leif,Hamnett,Plambee,The Rockefeller University,lhamnettar@sphinn.com,57-783-9115
389,Patrica,Hay,Thoughtworks,Technological University (Hpaan),phayas@deliciousdays.com,79-658-6004
390,Amity,Lavallin,Yata,Université de la Méditerranée (Aix Marseille II),alavallinat@exblog.jp,29-303-4167
391,Garry,Weatherburn,Jayo,Siberian Academy of Public Services,gweatherburnau@bandcamp.com,60-129-9451
392,Victor,Sones,BlogXS,Vermont Technical College,vsonesav@imageshack.us,63-359-3213
393,Rosa,Lober,Thoughtmix,Mars Hill College,rloberaw@ocn.ne.jp,44-410-7774
394,Aloysia,Queen,Twitterlist,National Fisheries University,aqueenax@infoseek.co.jp,19-889-1262
395,Travis,MacArthur,Vidoo,Huron University USA in London,tmacarthuray@jalbum.net,07-568-0418
396,Adrien,Organ,Chatterbridge,Kathmandu University,aorganaz@hc360.com,40-919-0066
397,Coleman,Williscroft,Buzzbean,Athens Laboratory of Business Administration (ALBA),cwilliscroftb0@t.co,35-859-1525
398,Axe,Larrie,Divanoodle,Université Shalom de Bunia,alarrieb1@bloomberg.com,27-172-5470
399,Charo,Keilty,Tambee,Wuyi University,ckeiltyb2@angelfire.com,57-490-5714
400,Bronny,Scarsbrick,Kaymbo,Coleman College,bscarsbrickb3@slashdot.org,82-201-6480
401,Shellie,Saby,Kare,Ahi Evran University,ssabyb4@creativecommons.org,71-406-6982
402,Deni,Crose,Gigabox,"Music Academy ""Fryderyk Chopin"" in Warszaw",dcroseb5@dyndns.org,12-049-9439
403,Lin,Gonnel,Photobug,Turar Ryskulov Kazakh Economic University,lgonnelb6@timesonline.co.uk,61-349-7131
404,Dulcine,Karus,Muxo,Jawzjan University,dkarusb7@opensource.org,30-045-5343
405,Danya,Middis,Cogidoo,Christ University,dmiddisb8@g.co,90-208-3163
406,Dunc,Greenland,Twitterworks,Government College University Faisalabad,dgreenlandb9@myspace.com,68-093-1817
407,Florenza,Lippatt,Zava,Namik Kemal University,flippattba@bluehost.com,73-612-4887
408,Roch,Oldford,Tanoodle,Campbellsville College,roldfordbb@tripadvisor.com,15-420-9817
409,Florinda,Lapley,Riffpath,Albany State University,flapleybc@illinois.edu,63-125-1147
410,Leslie,Colam,Agimba,"Arts, Sciences and Technology University",lcolambd@economist.com,53-711-9252
411,Rafaellle,Shilleto,Skivee,Odessa National Polytechnic University,rshilletobe@over-blog.com,09-343-2451
412,Minnnie,Rulton,Rhyzio,Tianjin Medical University,mrultonbf@imageshack.us,61-418-8153
413,Essa,Lamming,Gevee,Universidade de Evora,elammingbg@salon.com,45-301-4241
414,Kelsy,Puller,Roombo,Universitas Lambung Mangkurat,kpullerbh@smugmug.com,85-123-2704
415,Jaime,Whipple,Skyble,"DeVry Institute of Technology, Kansas City",jwhipplebi@desdev.cn,97-499-9830
416,Suzi,Postlewhite,Quimba,George Mason University,spostlewhitebj@hhs.gov,49-250-2269
417,Corene,Dumbelton,Dynabox,John Marshall Law School,cdumbeltonbk@behance.net,87-682-9591
418,Clemmie,Brunini,InnoZ,Arcadia University,cbruninibl@indiatimes.com,43-308-8203
419,Colin,Yerrall,Tagpad,Bezalel Academy of Art and Design,cyerrallbm@hud.gov,28-560-8544
420,Corly,Benneyworth,Jabbertype,University of Palestine,cbenneyworthbn@dedecms.com,59-887-0237
421,Arman,Silcox,Dazzlesphere,Virgen Milagrosa University Foundation,asilcoxbo@phoca.cz,38-467-0880
422,Em,Madsen,Katz,Sultan Ismail Petra International Islamic College,emadsenbp@baidu.com,09-376-7338
423,Kit,Gooms,Realfire,Basilicata University Potenza,kgoomsbq@cam.ac.uk,79-930-8093
424,Micaela,Harbinson,Skajo,Nippon Dental University,mharbinsonbr@vk.com,58-156-1429
425,Isahella,Colecrough,Flipstorm,University of Agriculture and Veterinary Medicine Timisoara,icolecroughbs@1688.com,81-709-2160
426,Bettina,Garrish,Pixonyx,Caleb University,bgarrishbt@admin.ch,37-257-0520
427,Care,Barlie,Linkbuzz,Okinawa Prefectural University of Fine Arts,cbarliebu@networksolutions.com,70-568-5386
428,Silvie,Beddie,Dablist,Kogi State University,sbeddiebv@theglobeandmail.com,05-689-8658
429,Binnie,Guillem,Dabtype,Berry College,bguillembw@wikipedia.org,80-507-4508
430,Wynny,Morilla,Skiba,University of Media Arts,wmorillabx@mysql.com,29-355-0887
431,Tally,Calderonello,Pixoboo,Jinnah University for Women,tcalderonelloby@eepurl.com,82-176-9450
432,Kassia,Duff,Jabbersphere,Xinjiang University of Finance and Economics,kduffbz@altervista.org,67-861-1512
433,Devin,Jochanany,Yoveo,Botswana College of Agriculture,djochananyc0@howstuffworks.com,27-249-2769
434,Paige,Ledgister,Flashset,"Islamic Azad University, Boukan",pledgisterc1@usgs.gov,78-382-2978
435,Regan,Nollet,Wordware,"Islamic Azad University, Fars Science & Research Branch",rnolletc2@nifty.com,18-256-3286
436,Cristal,Edmans,Yacero,Université des Sciences et de la Technologie d'Oran,cedmansc3@moonfruit.com,79-491-0054
437,Winonah,Hairyes,Skinder,Ateneo de Davao University,whairyesc4@pagesperso-orange.fr,15-992-0412
438,Sargent,Magrannell,Skalith,"Universidad CAECE, Buenos Aires",smagrannellc5@delicious.com,60-343-2884
439,Marne,Halversen,Janyx,Northwood University,mhalversenc6@cargocollective.com,96-331-1431
440,Karoly,Abberley,Zava,Missouri University of Science and Technology,kabberleyc7@google.co.uk,48-908-8240
441,Prissie,Waring,Twinder,Helsinki School of Economics and Business Administration,pwaringc8@godaddy.com,80-244-2265
442,Jilli,Moscon,Dabvine,National Hualien Teachers College,jmosconc9@slate.com,78-760-1277
443,Cchaddie,Gimblett,Gabspot,"University of Mining and Geology ""St. Ivan Rils""",cgimblettca@creativecommons.org,38-150-7282
444,Torrence,Hobbing,Rhybox,Universidade Vale do Rio Doce,thobbingcb@g.co,73-261-5535
445,Constance,Lytton,Fadeo,"City University of New York, Medgar Evers College",clyttoncc@behance.net,85-287-5461
446,Brittni,Jentges,Divavu,University of Canterbury,bjentgescd@google.nl,08-781-3686
447,Martita,Guppey,Devcast,Pontificia Università Lateranense,mguppeyce@harvard.edu,19-291-9788
448,Moina,Vida,Digitube,Universidad Casa Grande,mvidacf@virginia.edu,65-231-5195
449,Fabiano,Newnham,Dablist,Jalalabad State University Kyrgyzstan,fnewnhamcg@ftc.gov,57-717-9328
450,Laird,Caldero,Brainlounge,Universidade do Grande Rio,lcalderoch@goo.gl,52-981-4552
451,Zahara,Nilges,Yadel,Bengal Engineering College,znilgesci@guardian.co.uk,58-093-9107
452,Josiah,Dennehy,Photobean,Universidad Autónoma de Querétaro,jdennehycj@1und1.de,54-410-0235
453,Corney,Kobes,Wikibox,College of St. Mary,ckobesck@github.io,18-818-1532
454,Doreen,Hambrook,Zoomzone,Instituto Politécnico de Portalegre,dhambrookcl@etsy.com,81-442-4340
455,Cornell,Tisor,Skinte,Nagasaki Prefectural University,ctisorcm@accuweather.com,83-856-7492
456,Chad,Gulk,Midel,Kazak State University of Agriculture,cgulkcn@technorati.com,54-901-0319
457,Fonsie,Gittis,Dabtype,Universidad la Concordia,fgittisco@woothemes.com,57-682-0982
458,Leah,Winston,Jaxspan,Brussels Management School (ICHEC),lwinstoncp@yelp.com,73-948-5641
459,Kelsi,Wicks,Innotype,Loyola University of Chicago,kwickscq@bing.com,49-261-5743
460,Deeyn,Potte,Quatz,"Universidad de Artes, Ciencias y Comunicación",dpottecr@chronoengine.com,87-615-0575
461,Kahlil,Nutman,Omba,Chapman University,knutmancs@dot.gov,79-499-6343
462,Guthry,Demcik,Twiyo,Alfred Nobel University of Economics and Law ,gdemcikct@virginia.edu,64-866-2125
463,Alberto,Thoma,Twimm,"DeVry Institute of Technology, DuPage",athomacu@prnewswire.com,18-049-3327
464,Ronna,MacGowan,Gabspot,"Institute of Teachers Education, Sultan Mizan",rmacgowancv@slate.com,22-823-3168
465,Jobi,Licciardello,Skyvu,Université Thierno Amadou Diallo,jlicciardellocw@istockphoto.com,54-900-8136
466,Marilyn,Tolcharde,Yotz,University of Rio Grande,mtolchardecx@sakura.ne.jp,71-979-8498
467,Kayla,Fullbrook,Browsecat,East-West University,kfullbrookcy@amazon.com,67-304-4038
468,Linoel,Phillimore,Jabberbean,Universidad Nacional de General Sarmiento,lphillimorecz@taobao.com,77-844-1452
469,Vassily,Bartholomieu,Youspan,Pontificia Università S. Tommaso,vbartholomieud0@sohu.com,06-702-0895
470,Derk,Tomik,Bluezoom,University of St. Michael's College,dtomikd1@ustream.tv,78-087-3635
471,Wells,Grieve,Innotype,London School of Business & Finance,wgrieved2@omniture.com,48-123-9166
472,Sofie,Fandrich,Roombo,Kanazawa College of Art,sfandrichd3@marketwatch.com,46-372-0961
473,Saloma,Vaune,Zazio,Kherson State University,svauned4@gravatar.com,04-711-6253
474,Dyan,Rutland,Gabspot,Cardiff University,drutlandd5@geocities.jp,09-037-0301
475,Jessy,Kobu,Tagchat,Dalian Martime University,jkobud6@alexa.com,74-338-7935
476,Nester,Dymocke,Roodel,Voronezh State Pedagogical University,ndymocked7@live.com,68-511-9604
477,Dierdre,Purchall,Rhynoodle,American University of the Caribbean,dpurchalld8@cdbaby.com,08-825-6687
478,Manda,Jarrold,Quamba,Riphah International Univeristy,mjarroldd9@yellowbook.com,85-211-6887
479,Janelle,Shefton,Eimbee,"Indian Institute of Technology, Roorkee",jsheftonda@wisc.edu,81-575-2899
480,Eleonora,Kollasch,Trupe,Université M'hamed Bouguerra de Boumerdes,ekollaschdb@tinypic.com,40-907-7583
481,Drucie,Pallant,Jaxbean,Aegean University,dpallantdc@issuu.com,32-331-6387
482,Bibi,Harmer,Snaptags,Universidad la Concordia,bharmerdd@booking.com,52-421-3200
483,Bessie,Spinnace,Realcube,Dalarna University College,bspinnacede@huffingtonpost.com,91-681-0515
484,Lin,Andrieu,Digitube,Ramapo College of New Jersey,landrieudf@weebly.com,30-470-7466
485,Catriona,Crookshank,Eabox,University of Massachusetts Medical Center at Worcester,ccrookshankdg@wix.com,84-896-4539
486,Eddi,Juleff,Thoughtstorm,Central University for Nationalities,ejuleffdh@yandex.ru,76-337-8010
487,Elspeth,Cakes,Mycat,Open University,ecakesdi@aol.com,65-944-1079
488,Kiel,Taffie,Kaymbo,Zhejiang Forestry University,ktaffiedj@hibu.com,71-651-5962
489,Darin,Dollen,Tagtune,Huaihua Radio and Television University,ddollendk@theatlantic.com,08-887-0287
490,Jerrie,Akhurst,Trilith,Technical University of Szczecin,jakhurstdl@wiley.com,45-853-2439
491,Read,Hyrons,Skinte,Universidad de Aconcagua,rhyronsdm@jiathis.com,28-129-8065
492,Constantina,Dowbiggin,Flashspan,Universidad Técnica de Machala,cdowbiggindn@deliciousdays.com,96-001-7203
493,Zia,Biaggioni,Tazzy,"University of Moncton, Edmundston",zbiaggionido@yellowbook.com,10-613-7983
494,Pen,Lomansey,Zazio,Technological University (Pinlon),plomanseydp@xinhuanet.com,91-165-4784
495,Milena,Tchir,Gevee,Erskine College,mtchirdq@aboutads.info,68-576-0231
496,Junette,Withers,Mita,Colegio de San Juan de Letran,jwithersdr@uol.com.br,30-433-4642
497,Cyb,Casford,Rhycero,Université de Pau et des Pays de l'Adour,ccasfordds@spiegel.de,51-682-1580
498,Bibby,Canto,Layo,Burlington College,bcantodt@yellowbook.com,45-434-8468
499,Alisa,Giorio,Devify,Showa Women's University,agioriodu@gov.uk,35-193-8885
500,Jacques,McIlraith,Jaxnation,Ozark Christian College,jmcilraithdv@businesswire.com,30-711-3722
501,Channa,Kordova,Realblab,Instituto Politécnico de Beja,ckordovadw@google.com.br,09-090-4592
502,Daffy,MacCurley,Feednation,Kent State University - Ashtabula,dmaccurleydx@techcrunch.com,11-719-4874
503,Cher,Tomas,Feedmix,Katsina University,ctomasdy@bandcamp.com,56-831-9146
504,Lizbeth,Wagenen,Fliptune,Instituto Tecnológico Metropolitano,lwagenendz@time.com,93-970-2856
505,Fergus,Gaitone,Edgetag,Universidad Central,fgaitonee0@opera.com,93-670-1988
506,Amanda,Corneljes,Quamba,South Dakota State University,acorneljese1@vistaprint.com,87-350-5497
507,Ursa,Kindall,Bubbletube,Universitat de Lleida,ukindalle2@apache.org,52-647-2962
508,Noll,Meneo,Jaloo,St. Petersburg State University of Culture and Arts,nmeneoe3@harvard.edu,20-548-8579
509,Billie,Foulger,BlogXS,The McGregor School of Antioch University,bfoulgere4@youku.com,77-254-8154
510,Ericka,Hails,Blogspan,University of Mostar,ehailse5@phpbb.com,70-199-6891
511,Gaby,Kayne,Mycat,International Medical University,gkaynee6@dropbox.com,69-871-5256
512,Joell,Andrioni,Browsecat,Svey Reong University,jandrionie7@blogger.com,51-042-7244
513,May,Whiteway,Skidoo,Universidad de Ciego de Avila,mwhitewaye8@cnet.com,83-535-8405
514,Phaidra,Basketter,Quinu,UCSI University,pbaskettere9@so-net.ne.jp,40-858-5518
515,Francoise,Cordner,Browsetype,Appalachian Bible College,fcordnerea@sbwire.com,43-874-3954
516,Courtnay,Stebbings,Digitube,ISFORT - Institut de Formation en Technologie Alimentaire,cstebbingseb@hexun.com,49-939-0929
517,Irwin,Wimsett,Skiba,University of Kabianga,iwimsettec@wordpress.com,63-348-3777
518,Herculie,Joisce,Realfire,Institut National des Sciences Appliquées de Rennes,hjoisceed@discovery.com,29-918-9451
519,Al,Vasyunkin,Zava,Agricultural University of Warsaw,avasyunkinee@meetup.com,86-053-5409
520,Vasily,Drysdall,Bubblebox,Universitas Kristen Duta Wacana,vdrysdallef@comsenz.com,55-734-3701
521,Cherlyn,Spurryer,Wikivu,Fachhochschule Brandenburg,cspurryereg@bbb.org,59-953-6084
522,Melita,Goldson,Twiyo,Universitas Padjadjaran,mgoldsoneh@typepad.com,88-857-4443
523,Pam,Yancey,Wikibox,Gunma Prefectural Women's University,pyanceyei@csmonitor.com,78-056-0755
524,Benny,Ferrettini,Katz,Fine Arts Academy Wladyslaw Strzeminski in Lodz,bferrettiniej@bizjournals.com,65-316-4129
525,Casi,Danshin,Brainverse,European School of Economics,cdanshinek@ifeng.com,45-459-9089
526,Rubie,Bascomb,Realbuzz,Kurume Institute of Technology,rbascombel@clickbank.net,27-611-8411
527,Riva,Pierrepoint,Feedspan,Universitas Ahmad Dahlan,rpierrepointem@amazon.co.jp,68-148-2567
528,Dulcea,Grinaugh,Ntag,Kar University,dgrinaughen@wikipedia.org,05-085-6714
529,Jerrilee,Heeps,Thoughtbridge,John F. Kennedy University,jheepseo@ycombinator.com,01-441-1789
530,Myrtie,Garritley,Blognation,Bergische Universität Gesamthochschule Wuppertal,mgarritleyep@goo.gl,82-062-5582
531,Edgar,Fettiplace,Voomm,"Islamic Azad University, Tabriz",efettiplaceeq@pagesperso-orange.fr,32-954-1213
532,Garth,Menchenton,Yakidoo,Bharati Vidyapeeth University,gmenchentoner@wikia.com,34-531-3361
533,Salmon,Bennis,Ntag,Universidad Regiomontana,sbennises@merriam-webster.com,39-121-7455
534,Honoria,Mc Caughen,Fiveclub,Maltepe University,hmccaughenet@boston.com,04-011-7102
535,Renaud,Whitehall,Edgewire,Cleveland Institute of Music,rwhitehalleu@chron.com,14-524-9469
536,Mariette,Corkell,Meemm,College of Notre Dame,mcorkellev@businessweek.com,10-089-3308
537,Antonio,Gleeton,Rhynyx,Universidade Federal de Minas Gerais,agleetonew@shop-pro.jp,56-086-9821
538,Dewie,Grindle,Ntag,"University ""Aurel Vlaicu"" Arad",dgrindleex@harvard.edu,28-802-9993
539,Nevil,Duckworth,Bluejam,Tougaloo College,nduckworthey@forbes.com,27-519-7435
540,Cash,Eitter,Avamm,"University of Houston, Downtown",ceitterez@bloomberg.com,94-283-7050
541,Phillipp,Combe,Buzzdog,Nagoya University,pcombef0@etsy.com,26-231-7846
542,Delainey,Enrrico,Jayo,Universität Kassel,denrricof1@deliciousdays.com,47-909-8506
543,Josh,Weatherill,Blogspan,"University of Toronto, Mississauga",jweatherillf2@diigo.com,61-187-5696
544,Thorndike,Haverson,Yambee,European University,thaversonf3@squidoo.com,82-133-2550
545,Addi,Edser,Feedfire,Grace College,aedserf4@constantcontact.com,43-201-6878
546,Kelly,Janks,Meembee,University of Tulsa,kjanksf5@kickstarter.com,12-506-0865
547,Joan,Greguol,Realcube,Ecole Normale Supérieure de Paris,jgreguolf6@washingtonpost.com,30-036-4460
548,Brook,Petters,Jaloo,Université de Béjaia,bpettersf7@mtv.com,88-324-9035
549,Noellyn,Golda,Oyoba,Inner Mongolia Normal University,ngoldaf8@arizona.edu,05-944-3611
550,Cathlene,Tennant,Skipstorm,Police Academy,ctennantf9@fc2.com,27-422-5753
551,Hali,Speak,Yamia,Beijing Information Science and Technology University,hspeakfa@purevolume.com,21-181-2168
552,Stefa,Jedrzejczyk,Trudeo,Nakhchivan Private University,sjedrzejczykfb@yelp.com,19-482-4962
553,Deana,Marchello,Babblestorm,Université de Provence (Aix-Marseille I),dmarchellofc@vk.com,03-103-2056
554,Chickie,Mechic,Babbleset,"Indian Institute of Technology, Delhi",cmechicfd@independent.co.uk,63-494-3372
555,Barton,Van T'Hoog,Leenti,Private Universität für Medizinische Informatik und Technik Tirol,bvanthoogfe@washington.edu,30-676-6324
556,Galven,Freke,Quaxo,Universidad Católica de Valencia,gfrekeff@yelp.com,28-098-4301
557,Prisca,Doley,Vinte,Kabul Health Sciences Institute,pdoleyfg@barnesandnoble.com,13-708-5820
558,Bondie,Folonin,Wordtune,Kagawa University,bfoloninfh@reverbnation.com,04-061-9798
559,Claus,Cureton,Meemm,Capella University,ccuretonfi@ebay.com,91-116-6591
560,Tomas,Anger,Tazzy,Duquesne University,tangerfj@cpanel.net,99-450-8168
561,Paule,Darleston,Tagtune,Universidade São Francisco,pdarlestonfk@google.ca,84-596-4684
562,Bonny,Birkby,Nlounge,Ohio University - Southern,bbirkbyfl@slate.com,36-998-5207
563,Claudette,Gobolos,Edgeclub,Universidad Tecnológica de Panamá,cgobolosfm@aol.com,98-125-7494
564,Coriss,Bapty,Devpoint,Universidad Los Andes,cbaptyfn@oaic.gov.au,54-010-7281
565,Ferguson,Richardt,Shufflester,Southern Ural State University,frichardtfo@github.io,39-007-7297
566,Philippa,Gilham,Oyoyo,St. Petersburg Repin State Academic Institute of Painting Sculpture and Achitecture,pgilhamfp@hao123.com,49-445-5684
567,Joete,Crighton,Edgeclub,Universidad Regiomontana,jcrightonfq@wikimedia.org,30-054-4928
568,Rickard,Emanueli,Thoughtstorm,Sadra University,remanuelifr@devhub.com,70-719-4306
569,Nerissa,Cribbin,Zoomlounge,Mendel University of Agriculture and Forestry,ncribbinfs@admin.ch,48-009-8333
570,Misha,Windridge,Skaboo,University of Canterbury,mwindridgeft@bigcartel.com,99-984-3162
571,Noak,Gianninotti,Realpoint,"Technological Education Institute of Halkida, Euboea",ngianninottifu@tiny.cc,20-412-2815
572,Jeralee,Boykett,Leenti,Western Michigan University,jboykettfv@shareasale.com,03-760-4583
573,Chiquia,Claypole,Zoomdog,Universidad Latinoamericana,cclaypolefw@whitehouse.gov,51-643-2773
574,Roby,Bolley,Jayo,Universidade Federal de Sergipe,rbolleyfx@yandex.ru,08-391-1611
575,Devin,Lavalle,Jatri,Marij State University,dlavallefy@newsvine.com,15-954-3520
576,Charla,Denziloe,Wikizz,Ohio University - Lancaster,cdenziloefz@nymag.com,01-576-0582
577,Walliw,Newcomb,InnoZ,Chengdu Institute of Sichuan International Studies University,wnewcombg0@4shared.com,57-333-9283
578,Amble,McMurtyr,Yodel,Ecole des Hautes Etudes Industrielles de Lille,amcmurtyrg1@archive.org,49-823-4387
579,Dacie,Rowbottom,Muxo,Universiti Malaya,drowbottomg2@springer.com,73-294-2205
580,Ailee,Gronaller,Zoombeat,Fachhochschule für Bank- und Finanzwirtschaft,agronallerg3@simplemachines.org,92-764-7082
581,Arron,Brunotti,Blogtags,West Minster International College,abrunottig4@mashable.com,17-889-2346
582,Brigitta,Dimitrie,Pixope,Fachhochschule Lausitz,bdimitrieg5@google.com.au,24-770-6043
583,Birk,Janzen,Tagcat,University of Ostrava,bjanzeng6@nsw.gov.au,29-612-8736
584,Berrie,Routh,Wordtune,University of Tampa,brouthg7@tumblr.com,43-727-3970
585,Vickie,Heindrich,Linktype,Florida Southern College,vheindrichg8@bloglines.com,96-652-5442
586,Ekaterina,Seiller,Avaveo,Tatung Institute of Technology,eseillerg9@shutterfly.com,73-287-9710
587,Vaclav,Philipsson,Skyble,Fachhochschulstudiengänge Hagenberg,vphilipssonga@webeden.co.uk,49-795-6836
588,Klemens,Kettlestringe,Yadel,Lahti Polytechnic,kkettlestringegb@bravesites.com,16-832-9205
589,Breena,Kinney,Mynte,Universidad de San Andres,bkinneygc@who.int,58-422-6659
590,Nigel,Arundel,Linkbuzz,University College of Skövde,narundelgd@fastcompany.com,20-300-9598
591,Adolphus,Presnail,Oodoo,Universidad Anáhuac,apresnailge@sohu.com,53-854-6686
592,Dusty,Kaubisch,Meevee,Zhengzhou University of Technology,dkaubischgf@engadget.com,32-914-9645
593,Carleen,Balnave,Riffpath,Albion College,cbalnavegg@liveinternet.ru,35-333-4365
594,Ludvig,Leare,Edgeify,Växjö University,llearegh@ftc.gov,63-089-2659
595,Joline,Benton,Mydo,Taiz University,jbentongi@slate.com,51-967-7318
596,Timothy,Allan,Riffpath,University of Nebraska - Lincoln,tallangj@cisco.com,01-246-1213
597,Lambert,Goodrich,Brainverse,Ningxia Medical College,lgoodrichgk@washingtonpost.com,55-619-8238
598,Lucinda,Ilyinski,Youopia,Chiang Mai University,lilyinskigl@i2i.jp,65-076-5089
599,Harry,Pinchin,Topicshots,Indiana Wesleyan University,hpinchingm@aboutads.info,49-938-7007
600,Aileen,Doylend,Avavee,Pennsylvania State University - Berks-Lehigh Valley College,adoylendgn@amazon.de,75-635-5577
601,Chastity,Gallo,Cogibox,Seokyeong University,cgallogo@google.pl,25-346-3142
602,Glory,Rounsefell,Gabtune,Universidad Carlos III de Madrid,grounsefellgp@indiatimes.com,12-044-0760
603,Neils,Troyes,Jazzy,Ecole Catholique d'Arts & Metiers,ntroyesgq@umn.edu,54-321-4128
604,Kaycee,Sarton,Npath,"Islamic Azad University, Region One",ksartongr@earthlink.net,34-554-7486
605,Quinn,Power,Buzzbean,University of Messina,qpowergs@redcross.org,73-278-2775
606,Flin,Milella,Fanoodle,Heriot-Watt University,fmilellagt@goodreads.com,95-415-6519
607,Ashton,Glavias,Yakidoo,Universitas Jayabaya,aglaviasgu@theguardian.com,41-230-5977
608,Delora,Lante,Yodo,Fukui University of Technology,dlantegv@ifeng.com,38-965-3802
609,Caria,MacKenny,Voonyx,Capital University of Economics and Business,cmackennygw@youku.com,63-420-4002
610,Bill,Kiebes,Zoomlounge,University of Cassino,bkiebesgx@washington.edu,23-902-1491
611,Ralf,Drance,Janyx,Rider University,rdrancegy@hhs.gov,60-628-4237
612,Laverne,Runnicles,Meejo,Agricultural University of Wroclaw,lrunniclesgz@geocities.com,82-335-8203
613,Sibylla,Lehrer,Yakitri,Universidad de la Marina Mercante,slehrerh0@timesonline.co.uk,54-667-6249
614,Clarinda,Hanton,Flashpoint,Handelshochschule Leipzig,chantonh1@a8.net,27-434-6436
615,Worthington,Burcher,Tagchat,"University of Nottingham, Malaysia Campus",wburcherh2@prnewswire.com,82-264-1145
616,Wallis,Atkin,Realpoint,Hardin-Simmons University,watkinh3@cdc.gov,38-322-1399
617,Rudolf,Huscroft,Vitz,Aston University,rhuscrofth4@51.la,83-627-8373
618,Amandy,Hendricks,Jaxworks,University of Texas at Arlington,ahendricksh5@quantcast.com,38-676-4443
619,Maxie,Ollington,Demivee,Universidade Tecnica de Lisboa,mollingtonh6@t.co,10-286-3766
620,Tandy,Edwick,Babblestorm,Shanghai Medical University,tedwickh7@xing.com,05-343-4533
621,Fredia,Warrender,Oba,Universitat Jaume I de Castellón,fwarrenderh8@edublogs.org,85-396-1797
622,Camala,Sixsmith,Linkbridge,Universidade Federal de Pernambuco,csixsmithh9@washington.edu,71-829-7414
623,Grier,Duling,Rhynoodle,"Universidad de Puerto Rico, Arecibo",gdulingha@spiegel.de,79-873-8181
624,Mia,Becaris,Wikivu,Bishop's University,mbecarishb@moonfruit.com,98-805-3166
625,Andres,Benoit,Centizu,Virginia Polytechnic Institute and State University (Virginia Tech),abenoithc@rambler.ru,62-836-9876
626,Devon,Campany,Zooxo,Escuela Politécnica del Ejercito,dcampanyhd@google.de,19-507-2000
627,Sibley,Paybody,Feednation,Polish Open University in Warsaw (WSZ/POU),spaybodyhe@alexa.com,59-858-3838
628,Ina,Iannuzzi,Eare,Leyte Normal University,iiannuzzihf@sciencedirect.com,67-716-8852
629,Jodee,Brogini,Yata,Jönköping University College of Health Sciences,jbroginihg@yahoo.co.jp,66-822-4976
630,Sammie,Dukesbury,Meetz,University of Burao,sdukesburyhh@taobao.com,62-200-6757
631,Natalee,Skeates,Dabfeed,University of Hull,nskeateshi@studiopress.com,53-010-8370
632,Avivah,Devenish,Wikizz,Kaohsiung Medical College,adevenishhj@marriott.com,39-014-2402
633,Luise,Kennaird,Dynabox,Universidade de Lisboa,lkennairdhk@cloudflare.com,28-647-1711
634,Jemimah,Souness,Photolist,Universidad Católica de Colombia,jsounesshl@imageshack.us,24-937-0573
635,Mallorie,Madle,Brainverse,Université de Valenciennes et du Hainaut-Cambrésis,mmadlehm@usa.gov,20-031-5748
636,Ddene,Fielden,Skyndu,Centennial College,dfieldenhn@apple.com,39-516-3486
637,Letti,Kornel,Jabbersphere,"Fachhochschule Rosenheim, Hochschule für Technik und Wirtschaft",lkornelho@shinystat.com,86-293-7615
638,Wanids,Perotti,Flashpoint,Osaka Dental University,wperottihp@de.vu,41-819-4974
639,Bianka,Darrel,Eimbee,Ishinomaki Senshu University,bdarrelhq@alibaba.com,41-059-1439
640,Xenos,Inglesent,Yata,Frank Lloyd Wright School of Architecture,xinglesenthr@china.com.cn,93-364-4780
641,Lorrie,Landrick,Meedoo,"University of Maine, Fort Kent",llandrickhs@vistaprint.com,85-544-8266
642,Waylin,Simmers,Wordware,Stillman College,wsimmersht@rediff.com,52-425-2049
643,Letty,Bosley,Quimba,Herzen State Pedagogical University of Russia,lbosleyhu@stumbleupon.com,32-192-0952
644,Marthena,Boreland,Bluezoom,Culver-Stockton College,mborelandhv@hubpages.com,35-375-8916
645,Jena,Treffrey,Eare,American InterContinental University - London,jtreffreyhw@apache.org,27-197-8622
646,Susy,Basini-Gazzi,Skynoodle,Omsk State Pedagogical University,sbasinigazzihx@adobe.com,71-000-6250
647,Janice,Yesichev,Blognation,Institut National Polytechnique de Toulouse,jyesichevhy@php.net,80-355-3417
648,Bruce,Bes,Shuffledrive,Husson College,bbeshz@friendfeed.com,48-607-9720
649,Jefferey,Konert,Babblestorm,Miyagi Gakuin Women's College,jkonerti0@seesaa.net,63-057-6389
650,Venita,Antwis,Yakitri,Malaspina University College,vantwisi1@last.fm,58-666-1968
651,Robert,Raeside,Topicshots,University of Tasmania,rraesidei2@tuttocitta.it,71-913-8192
652,Maire,Pane,Buzzbean,University of Stirling,mpanei3@arizona.edu,47-104-7376
653,Claudie,Petrasso,Fadeo,University of Bristol,cpetrassoi4@ed.gov,73-915-2016
654,Ulrike,Longman,Wikibox,Nagoya Economics University,ulongmani5@go.com,43-764-7334
655,Noll,Arsnell,Skibox,Saybrook Institute,narsnelli6@wunderground.com,63-784-2838
656,Simonne,Allenby,Eidel,Baker University,sallenbyi7@si.edu,78-537-0831
657,Carolina,Ranaghan,Npath,"Long Island University, C.W. Post Campus",cranaghani8@imdb.com,02-161-2482
658,Virgie,Dassindale,Jayo,St.Cyril and Methodius University,vdassindalei9@eventbrite.com,57-388-4375
659,Kevina,Bodemeaid,Demimbu,Johannes-Gutenberg Universität Mainz,kbodemeaidia@google.com,38-855-9925
660,Jonah,Roche,Kimia,Frederick University,jrocheib@csmonitor.com,51-714-9110
661,Terrel,Despenser,Topicshots,Maakhir University,tdespenseric@jiathis.com,66-931-0311
662,Emmery,Jansky,Kazu,Ondokuz Mayis University Samsun,ejanskyid@yandex.ru,74-935-6297
663,Rebecka,Whitsun,Blogtag,University of Illinois,rwhitsunie@google.com.br,87-826-3984
664,Fern,Slimming,Aibox,Samuel Merritt College,fslimmingif@globo.com,50-152-6749
665,Pollyanna,Dangl,InnoZ,Kobe Shinwa Women's University,pdanglig@cbslocal.com,01-850-5072
666,Celie,Piddletown,Camido,Franklin W. Olin College of Engineering,cpiddletownih@nsw.gov.au,08-328-4958
667,Susanetta,Iwanowicz,Meembee,Slippery Rock University,siwanowiczii@vk.com,83-169-8967
668,Sharia,Cosker,Vidoo,Chongqing Education College,scoskerij@wp.com,37-111-7164
669,Katinka,Clousley,Skimia,East Kazakstan State Technical University,kclousleyik@people.com.cn,77-585-3761
670,Paige,Huyghe,Geba,Ukhta State Technical University,phuygheil@europa.eu,12-317-2074
671,Leanora,Pancoust,Yamia,Lund University,lpancoustim@bbb.org,68-090-7646
672,Ber,Clougher,Kwideo,Universidad de Sonsonate,bclougherin@google.it,51-317-5121
673,Auberta,Crafter,Babbleopia,College of Management,acrafterio@oracle.com,15-858-9512
674,Yancey,Firpi,Eabox,"University of California, Irvine",yfirpiip@is.gd,75-533-1377
675,Claudina,Curtin,Jaxnation,Rezekne Higher School,ccurtiniq@whitehouse.gov,79-203-0999
676,Orelee,Worsnap,Quatz,Sang Myung University,oworsnapir@mapy.cz,00-946-0566
677,Lana,Cadogan,Minyx,Stevens Institute of Technology,lcadoganis@techcrunch.com,64-110-6511
678,Keary,Flacknoe,Voonix,Universidad Central,kflacknoeit@earthlink.net,92-108-0969
679,Matthieu,Dooler,Thoughtbeat,"University ""Aurel Vlaicu"" Arad",mdooleriu@biblegateway.com,47-209-8766
680,Charmaine,Braybrook,Zazio,The College of New Jersey,cbraybrookiv@techcrunch.com,29-509-6631
681,Risa,Phillot,Yakitri,Covenant College,rphillotiw@list-manage.com,05-601-9902
682,Padriac,Robilart,Livefish,Southern Medial University,probilartix@sina.com.cn,15-259-4395
683,Lamar,Hunton,Tagchat,"University of Wales, Swansea",lhuntoniy@state.tx.us,25-009-6535
684,Kit,Reiling,Kimia,Nicola Valley Institute of Technology,kreilingiz@slideshare.net,51-992-5042
685,Frankie,Geldert,Voolia,Iraq University College,fgeldertj0@google.ca,35-286-2250
686,Hally,Moyle,Riffpath,"New Era College of Arts, Science & Technology",hmoylej1@tripadvisor.com,71-691-2506
687,Kalil,Osment,Roodel,"Music Academy ""Ignacy Jana Paderewski"" in Poznan",kosmentj2@mtv.com,23-748-3246
688,Melesa,Bakes,Buzzbean,Universidad San Juan de la Cruz,mbakesj3@devhub.com,82-560-2754
689,Michaelina,Jerrand,Brainbox,Gifu Keizai University,mjerrandj4@usnews.com,53-777-2674
690,Ceciley,Shelbourne,Flashdog,Universidad Tecnológica de los Andes de Apurímac,cshelbournej5@independent.co.uk,52-927-7321
691,Hercules,Wiffler,Skippad,Walsh University,hwifflerj6@homestead.com,35-009-9961
692,Vanni,Kerswell,Rhybox,Mid-American Bible College,vkerswellj7@unicef.org,87-816-1539
693,Rossie,Grono,Feedmix,American Military University,rgronoj8@gizmodo.com,61-394-0068
694,Base,Darte,Cogidoo,"École de technologie supérieure, Université du Québec",bdartej9@sogou.com,63-810-9064
695,Anjela,Lawee,Devshare,Shujitsu Women's University,alaweeja@amazon.com,62-159-8249
696,Zechariah,Ramelet,Thoughtworks,Institute of Finance,zrameletjb@lycos.com,18-331-0738
697,Fara,Lobb,Yozio,Korea Advanced Institute of Science & Technology,flobbjc@tumblr.com,68-461-3115
698,Johny,Burgan,Eidel,Ecole Supérieure de Commerce de Brest,jburganjd@geocities.com,66-401-4707
699,Giovanna,Voyce,Tagpad,Wuhan Technical University of Surveying and Mapping,gvoyceje@disqus.com,93-329-8369
700,Francisco,Burnham,Voomm,Holmes Institute,fburnhamjf@yale.edu,74-647-4586
701,Lemar,Choulerton,Jabbercube,University of Hertfordshire,lchoulertonjg@reference.com,75-892-0392
702,Linus,Belvard,Tavu,"The Maryland Institute, College of Art",lbelvardjh@dion.ne.jp,17-219-7294
703,Jerry,Kretchmer,Oyoyo,Hunan Agricultural University,jkretchmerji@delicious.com,00-755-8874
704,Eliza,Eusden,Jabbercube,Université Denis Diderot (Paris VII),eeusdenjj@loc.gov,92-494-4915
705,Gus,Glyde,Jabbercube,King Fahad University of Petroleum and Minerals,gglydejk@issuu.com,48-988-7947
706,El,Rickerby,Skyble,University of the Punjab,erickerbyjl@rakuten.co.jp,87-633-2294
707,Teddie,Bent,Plambee,Atlanta College of Art,tbentjm@independent.co.uk,75-119-1182
708,Kinnie,Leser,Edgeblab,University of Tennessee - Chattanooga,kleserjn@digg.com,73-621-9802
709,Elsy,Essel,Realpoint,Tokyo University of Agriculture,eesseljo@patch.com,49-630-7255
710,Alvie,Waples,Oyonder,Dohto University,awaplesjp@feedburner.com,35-407-3372
711,Miller,Haggidon,Topicshots,Korea National University of Arts,mhaggidonjq@jugem.jp,66-599-7751
712,Dulcine,Lewsam,Twitterlist,University of Stirling,dlewsamjr@army.mil,18-368-3525
713,Carlye,Cosson,Gabtune,Baku Slavic University,ccossonjs@earthlink.net,42-481-7514
714,Ronalda,Wordsley,Zoomzone,"International University of Fundamental Studies, St. Petersburg",rwordsleyjt@who.int,58-329-2208
715,Jayme,Thompsett,Fadeo,Bunka Women's University,jthompsettju@businessinsider.com,39-215-6986
716,Marj,Wayt,Mydeo,Uganda Martyr's University,mwaytjv@kickstarter.com,04-777-5155
717,Winny,Tranfield,Lazzy,University of Transport and Communications,wtranfieldjw@baidu.com,36-952-0352
718,Brandais,Heinrici,Dabtype,Ecole Supérieure de Commerce de Toulouse,bheinricijx@aboutads.info,09-129-0909
719,Denys,Eburah,Geba,University of Tartu,deburahjy@webnode.com,95-520-6934
720,Aurora,Drabble,Linklinks,Malone College,adrabblejz@weather.com,04-413-3134
721,Izaak,Harrower,Jamia,Punjab Agricultural University,iharrowerk0@dagondesign.com,76-276-1478
722,Ingaberg,Ossenna,Yata,Al Madinah International University,iossennak1@linkedin.com,90-937-6242
723,Devin,Berling,Skimia,Baqai Medical University,dberlingk2@smugmug.com,59-506-0672
724,Dionne,Van der Merwe,Podcat,Universidade Nova de Lisboa,dvandermerwek3@macromedia.com,55-680-1146
725,Jo ann,O'Mannion,Mynte,"School of Oriental and African Studies, University of London",jomannionk4@virginia.edu,30-955-6880
726,Simon,Westoll,Zoozzy,Herzen State Pedagogical University of Russia,swestollk5@godaddy.com,92-023-0009
727,Lynnea,Ciabatteri,Realfire,Universidad Católica Nordestana,lciabatterik6@pbs.org,76-527-6543
728,Magdalen,Bresson,Eare,Taj Institute of Higher Education,mbressonk7@sun.com,97-149-7263
729,Kimmi,Lefort,Oyoba,Institución Universitaria Iberoamericana,klefortk8@miitbeian.gov.cn,51-449-0567
730,Westbrooke,Benkhe,Npath,Universidad Veracruzana,wbenkhek9@paypal.com,08-072-5993
731,Daisi,Clinkard,Meeveo,Punjab Engineering College Deemed University,dclinkardka@google.es,28-344-6100
732,Cam,Doni,Feedspan,Universidad de La Sabana,cdonikb@phoca.cz,71-672-9127
733,Dorella,Baynom,Skyndu,Western Galilee College,dbaynomkc@cargocollective.com,46-157-3964
734,Ulrich,Kluss,Zoombox,Emmanuel College Georgia,uklusskd@gravatar.com,74-621-6075
735,Torre,Stemson,Plajo,University of the Visual & Performing Arts,tstemsonke@va.gov,59-952-5760
736,Lani,Bittany,Devcast,Wilberforce University,lbittanykf@kickstarter.com,84-617-3002
737,Alphonse,Condy,Yombu,University of San Marino,acondykg@epa.gov,39-762-6245
738,Elwyn,MacCrossan,Bubbletube,National Transport University,emaccrossankh@ehow.com,06-289-5402
739,Danette,Dangl,Thoughtsphere,Trisakti Institute of Tourism ,ddanglki@ycombinator.com,60-010-8148
740,Kayne,Tresler,Thoughtworks,"University of Eastern Africa, Baraton",ktreslerkj@google.nl,17-699-1343
741,Chandal,Newlove,Camimbo,Romanian-American University,cnewlovekk@aboutads.info,28-683-8119
742,Gerhard,Andrejs,Pixonyx,"Islamic Azad University, Roodehen",gandrejskl@amazon.co.uk,39-077-0488
743,Merilee,Canning,Babbleblab,Universidade Salvador,mcanningkm@businessweek.com,47-073-9203
744,Renault,Mordey,Skipfire,Cosmopolitan University,rmordeykn@home.pl,02-876-3166
745,Crin,Repp,Tanoodle,Universiti Tun Hussein Onn Malaysia,creppko@mit.edu,57-736-1172
746,Harrison,Hogbin,Buzzshare,Cheyney University of Pennsylvania,hhogbinkp@patch.com,82-774-3067
747,Opalina,Ligertwood,Demizz,Dutch University Institute for Art History (DUIA),oligertwoodkq@merriam-webster.com,83-643-0464
748,Marcile,Maryet,Linklinks,University of New Brunswick,mmaryetkr@boston.com,34-311-8768
749,Ladonna,MacAiline,Tagchat,Universidade Santa Úrsula,lmacailineks@prnewswire.com,01-648-1730
750,Jasun,Bellward,Twimbo,Central Methodist College,jbellwardkt@google.it,20-717-4930
751,Grissel,Dellow,Devpoint,Hiroshima University of Economics,gdellowku@princeton.edu,90-635-0256
752,Kessia,Kitchingman,Realbridge,Shanxi Agricultural University,kkitchingmankv@odnoklassniki.ru,39-036-2584
753,Gasper,Rontree,Photobug,Aarhus School of Architecture,grontreekw@shutterfly.com,15-799-0603
754,Missy,MacNeilly,Twinte,Mountains of the Moon University,mmacneillykx@msu.edu,13-766-4905
755,Farra,Bamfield,Twitterlist,Furman University,fbamfieldky@sogou.com,77-837-3188
756,Benoit,Dell Casa,Quimm,Postgraduate Institute of Agriculture (PGIA),bdellcasakz@mapquest.com,66-446-2491
757,Rodrique,Olyunin,Feedfish,Bukkyo University,rolyuninl0@myspace.com,91-465-2457
758,Dredi,Elcock,Jaloo,"Islamic Azad University, Tehran South",delcockl1@slideshare.net,53-051-5985
759,Katrinka,Ainscow,Gigashots,University of Electronic Science and Technology of China,kainscowl2@jimdo.com,19-809-4681
760,Thacher,Truett,Devshare,Shanghai Dainji University,ttruettl3@biblegateway.com,25-190-7319
761,Franklyn,Dobrovolny,Voonte,St. George's University,fdobrovolnyl4@marketwatch.com,18-434-2585
762,Shandie,Bavage,Leexo,Fujian Agricultural University,sbavagel5@psu.edu,00-745-7801
763,Herta,Sessuns,Miboo,Salem University,hsessunsl6@wsj.com,64-791-8861
764,Roze,Stirland,Skynoodle,Tiffin University Prague,rstirlandl7@phpbb.com,99-845-8369
765,Rosalinde,Jedrych,Aibox,Université d'Orléans,rjedrychl8@ibm.com,70-435-2892
766,Noel,Lovett,Yakijo,Louisiana State University Health Sciences Center New Orleans,nlovettl9@about.me,54-892-3264
767,Gerek,Kelleway,Brightbean,University of Technology - Iraq,gkellewayla@twitpic.com,37-830-3177
768,Germaine,Winckles,Wikizz,Concord College,gwinckleslb@google.pl,47-292-9347
769,Emelyne,Douce,Topdrive,Hankuk University of Foreign Studies,edoucelc@seesaa.net,04-227-1034
770,Catherina,Keys,Trudoo,Build Bright University,ckeysld@google.com.au,61-853-2208
771,Blinnie,Matyatin,Dynabox,Ningbo University,bmatyatinle@cbsnews.com,17-189-6339
772,Kiele,Rosser,Zoozzy,Floret Global University,krosserlf@npr.org,05-700-4546
773,Benjamin,Glancey,Yotz,Volgograd Medical Academy,bglanceylg@jalbum.net,72-083-0827
774,Colin,Hinnerk,Ntags,Pennsylvania State University - Altoona,chinnerklh@stumbleupon.com,79-032-5002
775,Sara,Realph,Meeveo,Universidad Tecnológica Equinoccial,srealphli@people.com.cn,33-803-5257
776,Anica,Soots,Zooxo,California Institute of Technology,asootslj@state.gov,42-610-7259
777,Harriet,Tessyman,Avamm,Instituto Tecnológico y de Estudios Superiores de Occidente,htessymanlk@freewebs.com,54-491-8354
778,Baird,Broseman,Bubblemix,Showa Women's University,bbrosemanll@zdnet.com,50-205-3306
779,Brose,Heatherington,Realpoint,"Technological Education Institute of Halkida, Euboea",bheatheringtonlm@yelp.com,84-132-1050
780,Cedric,Darlow,Bluezoom,Biysk State Padagogical University after V.M. Shukshin ,cdarlowln@exblog.jp,26-189-3322
781,Harp,Avraham,Topicstorm,Rider University,havrahamlo@delicious.com,54-926-7600
782,Ethe,Hehir,Cogidoo,"American University of Hawaii, Punjab Campus",ehehirlp@about.me,40-131-9277
783,Cly,Guyonnet,Dazzlesphere,Spring Hill College,cguyonnetlq@quantcast.com,25-950-1122
784,Saudra,Sine,Jayo,Universidad de Hermosillo,ssinelr@wsj.com,78-790-2452
785,Ferrel,Tuohy,Zoonoodle,Walsh College of Accountancy and Business Administration,ftuohyls@booking.com,58-476-3490
786,Deanne,Cerith,Voonte,Suzuka University of Medical Science,dcerithlt@nba.com,03-424-8744
787,Lazar,Bril,Linktype,Tel Aviv University,lbrillu@dedecms.com,29-378-8581
788,Felix,Guillon,Photobug,Shinawatra University,fguillonlv@miitbeian.gov.cn,25-234-0707
789,Caty,Bhatia,Muxo,Montserrat College of Art,cbhatialw@census.gov,05-259-4367
790,Sanderson,Hanssmann,Yozio,American InterContinental University - Georgia,shanssmannlx@macromedia.com,57-613-7302
791,Lizzy,Ludron,Skimia,New York Instiute of Technology,lludronly@europa.eu,58-837-2184
792,Bel,Cregg,Linkbuzz,Hong Kong Academy for Performing Arts ,bcregglz@ning.com,12-972-4634
793,Dean,Pankethman,Oyonder,Université Kasdi Merbah Ouargla,dpankethmanm0@omniture.com,69-365-4133
794,Conant,Izac,Myworks,Royal University of Bhutan,cizacm1@prnewswire.com,33-984-9285
795,Emalee,Seid,Skibox,University of the Philippines Manila,eseidm2@amazonaws.com,64-476-3575
796,Edan,Asch,Lajo,Institut Teknologi Adhi Tama Surabaya,easchm3@house.gov,29-003-2396
797,Maxine,Semble,Edgeblab,Fachhochschule Erfurt,msemblem4@twitpic.com,68-488-4681
798,Lilian,Crayden,Fivespan,Sudan Academy of Sciences,lcraydenm5@discuz.net,24-395-4283
799,Hamlen,Vescovo,Blogtags,Universidad Católica Santo Toribio de Mogrovejo,hvescovom6@reverbnation.com,31-077-7296
800,Martina,Borman,Brightdog,"Universidad International SEK, Santiago",mbormanm7@skyrock.com,23-196-3936
801,Dannye,Foran,Brainsphere,Universidad Finis Terrae,dforanm8@woothemes.com,74-622-2604
802,Wilbert,Sadry,Twitterbridge,Purdue University North Central,wsadrym9@ebay.co.uk,56-868-8332
803,Deanne,Shine,Meembee,Universidad Intercontinental,dshinema@umich.edu,17-731-3451
804,Benyamin,Beevis,Livetube,Guangxi University,bbeevismb@yale.edu,36-916-4659
805,Madalyn,Deer,Youopia,Technical University of Rzeszow,mdeermc@spiegel.de,25-066-4896
806,Terrance,Dradey,Topicstorm,University of Kota,tdradeymd@tiny.cc,04-717-5846
807,Nickolas,Worlidge,Tagcat,"St. Francis College, Loretto",nworlidgeme@opensource.org,13-495-5970
808,Robinette,Preble,Demizz,Oita Medical University,rpreblemf@wsj.com,95-034-2514
809,Alejandrina,Buckbee,Realblab,Zhongnan University of Finance and Economics,abuckbeemg@multiply.com,79-545-2514
810,Sindee,Smurfitt,Mita,Institut Catholique d'Arts et Métiers Nantes,ssmurfittmh@networkadvertising.org,81-212-7787
811,Geneva,Divill,Youfeed,"Fachhochschule Rottenburg, Hochschule für Forstwirtschaft",gdivillmi@vkontakte.ru,79-835-1394
812,Chrissie,Rolance,Youspan,Ashiya University,crolancemj@about.com,28-237-1503
813,Mae,Oliveras,Gigaclub,Kazan State Finance and Economics Institute ,moliverasmk@wordpress.org,76-869-2169
814,Sonny,Corrin,Jaxbean,Universidade Cidade de São Paulo,scorrinml@goodreads.com,16-260-4993
815,Olivero,Victoria,Tagtune,Kyrgyz National University,ovictoriamm@microsoft.com,92-563-6285
816,Georgina,Gonnelly,Feedfish,Berea College,ggonnellymn@smh.com.au,51-626-6143
817,Hobey,Bissill,Topicblab,Pontifícia Universidade Católica de Campinas,hbissillmo@posterous.com,39-805-4821
818,Salomon,Da Costa,Miboo,St. Petersburg State Polytechnical University,sdacostamp@imdb.com,94-603-6944
819,Emlyn,Flintoff,Fiveclub,"Moscow State Institute of Radiotechnics, Electronics and Automation (Technical University)",eflintoffmq@imdb.com,90-231-3214
820,Caren,Besant,Ooba,Virginia Union University,cbesantmr@columbia.edu,16-830-3471
821,Cullin,Cadalleder,Tagtune,"Institute of Latin American Studies, University of London",ccadallederms@arstechnica.com,31-717-5337
822,Trenton,Blinman,Twitterbridge,Swiss Management Center,tblinmanmt@amazon.com,92-717-1471
823,Selle,Dizlie,Dynabox,American Graduate School in Paris,sdizliemu@sfgate.com,50-868-3447
824,Marketa,Clair,Jabberbean,Universidade de Aveiro,mclairmv@buzzfeed.com,61-331-4536
825,Erik,Stood,Quinu,"Islamic Azad University, Tehran South",estoodmw@dedecms.com,82-305-4468
826,Tilly,Abramowitz,Dynazzy,University of the Philippines Manila,tabramowitzmx@whitehouse.gov,59-006-2803
827,Jessie,Alekhov,Photobug,National Ribat University,jalekhovmy@flavors.me,74-779-2192
828,Lidia,Folomin,Youspan,Dr. Bhim Rao Abdekar University,lfolominmz@umn.edu,44-476-5827
829,Suellen,Christene,Chatterpoint,Concord College,schristenen0@wufoo.com,52-465-3260
830,Toby,Strippel,Latz,Trinity University,tstrippeln1@statcounter.com,22-371-9838
831,Raddy,Manclark,Yakitri,Freie Kunst-Studienstätte Ottersberg,rmanclarkn2@google.com,04-742-6924
832,Lewiss,O'Rourke,Zoomdog,"Free University ""Maria Santissima Assunta""",lorourken3@blogtalkradio.com,63-048-6215
833,Lorne,Ghioni,Demivee,Da-Yeh University,lghionin4@gravatar.com,46-018-5901
834,Mabel,Middlemass,Skimia,Kanazawa College of Art,mmiddlemassn5@freewebs.com,04-810-5989
835,Merrel,Routh,Devpoint,St. Bernard's Institute,mrouthn6@cnbc.com,86-272-8799
836,Valeria,Prowse,Jaxbean,Shenkar School of Engineering & Design,vprowsen7@census.gov,04-490-7808
837,Chas,Sharpe,Dynabox,Islamic University Kushtia,csharpen8@scientificamerican.com,69-468-2463
838,Sarena,Dallaghan,Gevee,Kharkiv State Technical University of Construction and Architecture,sdallaghann9@xrea.com,94-594-0222
839,Forbes,Glawsop,Miboo,National Taiwan College of the Arts,fglawsopna@w3.org,00-087-3951
840,Alf,Hampton,Kazu,St. Petersburg Institute of Arts and Restoration,ahamptonnb@t-online.de,11-717-7446
841,Camel,Cremen,Roomm,University of Finance and Management in Bialystok,ccremennc@linkedin.com,19-246-3351
842,Sue,Tayler,Fliptune,Al-Ahliyya Amman University,staylernd@google.ru,12-166-3985
843,Jorey,Fells,Linkbuzz,Zhetysu State University ,jfellsne@army.mil,46-239-8579
844,Zared,Petti,Skynoodle,Palmer College of Chiropractic West,zpettinf@ehow.com,88-440-9617
845,Otha,Kentish,Skibox,Sabzevar Teacher Training University,okentishng@wiley.com,79-569-5805
846,Keefer,Fulker,Kimia,Adiban Higher Education Institue,kfulkernh@ning.com,87-182-7396
847,De,Kinner,Realfire,Universidade de Coimbra,dkinnerni@nifty.com,55-901-0244
848,Celinka,De Filippi,Meejo,"Schiller International University, Paris",cdefilippinj@ezinearticles.com,87-596-0794
849,Goldia,Keele,Dablist,Vellore Institute of Technology,gkeelenk@ucoz.ru,64-327-6317
850,Larisa,Celle,Vinte,Samara State University,lcellenl@sun.com,47-209-5690
851,Heddie,Gammon,Muxo,Schiller International University,hgammonnm@senate.gov,81-045-1915
852,Wilmette,Blasius,Centizu,University Campus Suffolk,wblasiusnn@lulu.com,28-739-7449
853,Jethro,Pullinger,Tazz,Trinity Christian College,jpullingerno@youtu.be,94-091-0099
854,Jedediah,Lodin,Voonix,St. Luke's College,jlodinnp@cnbc.com,08-241-1180
855,Antin,Forlonge,Omba,Sheldon Jackson College,aforlongenq@cornell.edu,38-445-9094
856,Benton,Rathborne,Wordtune,Universidade Federal Rural do Rio de Janeiro,brathbornenr@google.co.uk,66-457-7045
857,Lela,McReath,Quatz,Fachhochschule Flensburg,lmcreathns@pbs.org,30-731-0972
858,Bobine,Unstead,Trudoo,Simpson College,bunsteadnt@npr.org,51-710-7898
859,Shamus,Humbie,Leexo,Gujarat University Ahmedabad,shumbienu@paginegialle.it,42-253-8545
860,Jarrett,Murrhardt,Dynava,Belarussian State Medical University,jmurrhardtnv@paypal.com,37-636-2499
861,Aloisia,Sawood,Skyvu,Salem College,asawoodnw@livejournal.com,83-499-6422
862,Fabiano,Robjents,Jabbercube,Central Michigan University,frobjentsnx@free.fr,16-630-9106
863,Bernadina,Turneaux,Kwilith,University of Wamia and Masuria in Olsztyn,bturneauxny@xing.com,99-713-2942
864,Eli,Halliday,Youspan,Suwon Catholic University,ehallidaynz@ibm.com,06-302-4286
865,Meredith,Bladon,Brainsphere,American University in the Emirates,mbladono0@ihg.com,58-042-5214
866,Hieronymus,Mation,Topicblab,College of Visual Arts,hmationo1@arstechnica.com,86-304-8176
867,Emlyn,Leaves,Yombu,ITT Technical Institute Indianapolis,eleaveso2@quantcast.com,39-589-9126
868,Irv,Lude,Babbleblab,Daneshestan Institute of Higher Education,iludeo3@biblegateway.com,46-612-7124
869,Martelle,Nelthrop,Flashpoint,National Pingtung Teachers College,mnelthropo4@icq.com,74-999-6525
870,Kele,Bragginton,Buzzdog,Universidad Pontificia Bolivariana,kbraggintono5@clickbank.net,29-534-4360
871,Durant,Aleksandrev,Skinte,University of St. Francis,daleksandrevo6@usa.gov,61-265-7273
872,Sam,Corner,Trudeo,Izmir Institute of Technology,scornero7@sogou.com,32-235-5303
873,Marlo,Patesel,Talane,Universidad NUR,mpateselo8@umich.edu,47-944-7805
874,Dill,Jacquemy,Voolith,Universidad Privada Franz Tamayo (UNIFRANZ),djacquemyo9@cdc.gov,88-922-3449
875,Jimmie,Bartoshevich,Snaptags,Rhodes University,jbartoshevichoa@mashable.com,94-525-4153
876,Clive,Buckenhill,Vinte,Tohoku College of Pharmacy,cbuckenhillob@discovery.com,22-056-3262
877,Sander,Guinn,Muxo,University of Osijek,sguinnoc@privacy.gov.au,52-386-7236
878,Myrlene,Joules,Mydeo,Universidad Rafael Landívar,mjoulesod@google.com.hk,81-560-1100
879,Erich,Egarr,Chatterpoint,"City University of New York, Bernard M. Baruch College",eegarroe@goodreads.com,17-347-9192
880,Bale,Yter,Skidoo,Binus University,byterof@tmall.com,21-510-6779
881,Linnet,Hiseman,Rhyzio,Fachhochschule Schmalkalden,lhisemanog@booking.com,56-006-1069
882,Murdock,Cholmondeley,Skilith,Plymouth State College,mcholmondeleyoh@phpbb.com,37-652-6516
883,Juditha,Dorgan,Twimm,Chonnam National University,jdorganoi@mapy.cz,65-279-8929
884,Julia,Bristoe,Browsetype,Bakhtar University,jbristoeoj@pcworld.com,66-299-5549
885,Dillon,Gamwell,Fivechat,"Universidad Tecnologica ""Vicente Perez Rosales""",dgamwellok@reference.com,58-468-4719
886,Cristen,Dowzell,Edgeclub,Universidad Nacional Experimental Romulo Gallegos,cdowzellol@google.com.au,86-952-2295
887,Gasparo,Britto,Wordware,D'Youville College,gbrittoom@mozilla.com,01-550-6954
888,Pavlov,Lindberg,Twitterworks,Katholische Stiftungsfachhochschule München,plindbergon@i2i.jp,91-314-3457
889,Sonia,Pyatt,Jayo,Universidad Luterana Salvadorena,spyattoo@netscape.com,97-415-8746
890,Colet,Gilston,Livetube,Diaconia University of Applied Sciences,cgilstonop@sphinn.com,55-421-7692
891,Elva,Yielding,Jaxworks,Al Madinah International University,eyieldingoq@facebook.com,39-846-4905
892,Lanita,Castagno,Divavu,Lahti Polytechnic,lcastagnoor@cargocollective.com,59-017-8253
893,Brenn,Binstead,Oyondu,Sahmyook University,bbinsteados@1688.com,69-188-6387
894,Richie,Toynbee,Edgewire,Universidad de Colima,rtoynbeeot@mozilla.com,57-111-8516
895,Dredi,Parrish,Trilith,New England Conservatory of Music,dparrishou@sitemeter.com,79-593-0745
896,Sholom,Allsep,Devshare,Atish Dipankar University,sallsepov@imdb.com,10-540-7195
897,Dallas,Manuele,Ntags,Vaganova Academy of Russian Ballet,dmanueleow@fc2.com,97-214-9520
898,Alikee,Best,Kazu,Changsha Railway University,abestox@berkeley.edu,25-195-7256
899,Hernando,Rodgers,Skaboo,Hokkaido Information University,hrodgersoy@livejournal.com,88-354-1795
900,Aridatha,Andreazzi,Skinder,Shanghai Ocean University,aandreazzioz@boston.com,46-120-6643
901,Derwin,Kristoffersen,Roombo,Sonoda Women's University,dkristoffersenp0@jalbum.net,29-574-2335
902,Chaim,Barnwall,Jabberstorm,Estonian Academy of Security Sciences,cbarnwallp1@senate.gov,76-390-5991
903,Brena,Dionisio,Quaxo,Ecole Supérieure d'Agriculture de Purpan,bdionisiop2@yale.edu,63-029-8538
904,Colver,Freeborn,Zoombox,Fachhochschule für Technik und Wirtschaft Berlin,cfreebornp3@posterous.com,97-036-1986
905,Ryann,Rooms,Reallinks,Ittihad University,rroomsp4@hugedomains.com,79-759-6812
906,Ollie,Ostrich,Twitterworks,Khulna University,oostrichp5@google.nl,30-053-1022
907,Welsh,Pearde,Fivebridge,China University of Geoscience Beijing,wpeardep6@gnu.org,33-537-5903
908,Wes,Gillatt,Thoughtstorm,Universitas 17 Agustus 1945 Banyuwangi,wgillattp7@theguardian.com,26-139-0393
909,Warren,Wisdish,Avamba,St. Pauls University,wwisdishp8@gov.uk,31-347-4488
910,Nedda,McFater,Ntag,Academy of Arts in Banská Bystrica,nmcfaterp9@go.com,79-322-1047
911,Zia,Goly,Thoughtworks,Insituto Universitario - Centro Latinoamericano de Economia Humana - IU Claeh,zgolypa@whitehouse.gov,09-694-9440
912,Erasmus,Yanov,Aimbu,Universidad Central Dominicana de Estudio Profesionales,eyanovpb@marketwatch.com,91-247-8030
913,Chaddy,Kaasmann,Edgepulse,Tashkent State University of Oriental Studies ,ckaasmannpc@ebay.com,41-169-3992
914,Kittie,Kirsop,Demizz,Sultan Ahmad Shah Islamic College,kkirsoppd@123-reg.co.uk,31-402-1003
915,Rosetta,Buckland,Yabox,Universidad Nacional del Sur,rbucklandpe@histats.com,48-840-1519
916,Neall,Chasen,Oyoyo,Northeast Forest University,nchasenpf@pagesperso-orange.fr,04-953-6541
917,Erich,Josskovitz,Browsedrive,Shomal University,ejosskovitzpg@tinyurl.com,80-024-8703
918,Francoise,Micklem,Oodoo,Universitas Mahendradatta,fmicklemph@smh.com.au,20-095-2087
919,Erin,Pickthorne,Bluejam,B. R. Ambedkar Bihar University,epickthornepi@nps.gov,71-086-1202
920,Sabra,Coultous,Twitterwire,St. Meinrad College,scoultouspj@domainmarket.com,53-168-3739
921,Vin,Worsom,Zoonoodle,Lewis & Clark Community College,vworsompk@forbes.com,91-583-8680
922,Toby,Marieton,Voomm,Limkokwing University College of Creative Technology,tmarietonpl@lulu.com,30-749-1019
923,Patric,Milham,Youtags,Université Badji Mokhtar,pmilhampm@infoseek.co.jp,69-275-8212
924,Nealy,Swett,Mynte,Lakshmibai National Institute of Physical Education,nswettpn@odnoklassniki.ru,87-869-9752
925,Brewster,Greggs,Quamba,NTI University,bgreggspo@pcworld.com,41-733-7095
926,Cynthie,Bainton,Gigabox,Black Hills State University,cbaintonpp@discovery.com,61-332-5116
927,Lamond,Gearing,Rooxo,Universidad Monsenor Oscar Arnulfo Romeo,lgearingpq@walmart.com,66-819-5070
928,Kitti,McIndrew,Fivespan,National Metallurgical Academy of Ukraine,kmcindrewpr@wordpress.org,76-864-3911
929,Rudie,Arent,Mycat,Uludag University,rarentps@nih.gov,10-372-0828
930,Merrel,Kerbey,Realmix,Vladivostock State University of Economics,mkerbeypt@nationalgeographic.com,92-512-4875
931,Adi,Rogerson,Blognation,Naruto University of Education,arogersonpu@google.com.au,99-075-8363
932,Jon,Davio,Wikibox,Almustafa Open University,jdaviopv@goo.gl,77-561-0332
933,Danya,Klyn,Yombu,European University at St.Petersburg,dklynpw@blog.com,02-386-4562
934,Quintilla,Maudlen,Minyx,Sultanah Bahiyah Polytechnic,qmaudlenpx@cdbaby.com,70-945-7559
935,Elihu,Geipel,Dabtype,Cevro Institut College,egeipelpy@yahoo.com,51-424-5801
936,Anna,Grazier,Feedbug,Shandong Economic University,agrazierpz@wisc.edu,73-230-8498
937,Charleen,Baruch,Roomm,Guizhou Normal University,cbaruchq0@google.com.hk,04-758-8800
938,Mose,Gullis,Twimbo,Addis Ababa Science & Technology University,mgullisq1@ask.com,76-570-7956
939,Minta,Fransewich,Zooveo,Sultan Ahmad Shah Islamic College,mfransewichq2@webeden.co.uk,26-088-7350
940,Jedidiah,Cadney,Layo,Hochschule für Technik und Wirtschaft des Saarlandes,jcadneyq3@dailymail.co.uk,66-982-0884
941,Bevan,Parcell,Oyonder,Khmelnitsky National University,bparcellq4@etsy.com,22-037-3329
942,Ortensia,Antecki,Ozu,Universidad del Atlántico,oanteckiq5@addthis.com,36-045-1888
943,Chrystel,Ritzman,Avamba,Ashland University,critzmanq6@elpais.com,05-164-0538
944,Jarib,Paxforde,Eimbee,Universidad Nacional de Salta,jpaxfordeq7@bravesites.com,33-993-1098
945,Odille,Cleever,Twitterbeat,Valley Forge Christian College,ocleeverq8@wikispaces.com,83-702-9975
946,Kattie,McKomb,Eidel,Nilai University College,kmckombq9@jigsy.com,40-410-8267
947,Tann,Mordey,Pixope,Instituto Superior de Saúde do Alto Ave,tmordeyqa@quantcast.com,14-549-4334
948,Ricoriki,Kett,Skipfire,Brewton-Parker College,rkettqb@va.gov,55-472-3261
949,Malissia,Thieme,Shuffledrive,Bethel College Newton,mthiemeqc@archive.org,94-123-5118
950,Marcelo,Anscombe,Flipopia,Qinghai Normal University,manscombeqd@oakley.com,94-957-8989
951,Dalila,Jakeman,Divavu,Preston University,djakemanqe@apache.org,14-331-1759
952,Agneta,Nutkin,Topicblab,North Central College,anutkinqf@oaic.gov.au,30-647-8602
953,Hersch,Constanza,Skibox,Kansas Wesleyan University,hconstanzaqg@wunderground.com,19-295-5308
954,Blithe,Denisyuk,Eazzy,Mashhad University of Medical Sciences,bdenisyukqh@phoca.cz,45-839-8880
955,Madeline,Thirwell,Kamba,Kokugakuin University,mthirwellqi@weather.com,72-699-2916
956,Caritta,Donaho,Dabvine,University of Tennessee - Memphis,cdonahoqj@canalblog.com,59-754-2553
957,Patrizius,Postles,Meevee,"Curtin University of Technology, Sarawak Campus",ppostlesqk@youtu.be,20-958-2149
958,Hildegarde,Chieco,Voolia,Märkische Fachhochschule Iserlohn,hchiecoql@mysql.com,85-278-7286
959,Jorry,Scholl,Quaxo,Islamic University of Gaza,jschollqm@webeden.co.uk,39-074-1312
960,Megan,Meagh,Bluejam,Fomic Polytechnic,mmeaghqn@ibm.com,16-561-6717
961,Liesa,Laflin,Flipbug,Universidad Cientifica Latinoamericana de Hidalgo,llaflinqo@posterous.com,53-263-2865
962,Stefano,Kilty,Wordtune,University of Constanta,skiltyqp@umn.edu,34-806-3118
963,Milena,Broadey,Oloo,Shih Hsin University,mbroadeyqq@privacy.gov.au,40-199-4328
964,Gare,Pepperd,Mymm,Felician College,gpepperdqr@hc360.com,43-671-7073
965,Raymund,Huban,Gigashots,National Taichung Teachers College,rhubanqs@walmart.com,57-358-1586
966,Marsiella,Guerri,Kayveo,Philadelphia University,mguerriqt@webmd.com,86-907-1333
967,Guillemette,Dring,Aimbu,Sendai University,gdringqu@ameblo.jp,93-548-2090
968,Burlie,Astle,Voomm,Donau-Universität Krems,bastleqv@census.gov,20-308-1505
969,Barny,Powlesland,Edgeblab,Dogus University,bpowleslandqw@dot.gov,64-466-8921
970,Jesse,Sinncock,Realblab,Sweet Briar College,jsinncockqx@issuu.com,74-791-4957
971,Irena,Kyffin,Skyvu,Al Imam Al-Ouzai University,ikyffinqy@yellowpages.com,56-107-6105
972,Zacharia,Sneaker,Kimia,Instituto Politécnico de Coimbra,zsneakerqz@nymag.com,04-339-8135
973,Brett,Eady,Edgeblab,College of Computer Science in Lodz,beadyr0@omniture.com,52-286-1242
974,Bunny,Spruce,Quatz,Fundacion Escuela Colombiana de Rehabiliación,bsprucer1@salon.com,99-254-6339
975,Haywood,Jeeks,Dynava,Kahramanmaras Sütcü Imam University,hjeeksr2@linkedin.com,51-676-4243
976,Easter,Cullinan,Vitz,"Bauchi State University, Gadau",ecullinanr3@dion.ne.jp,36-825-3509
977,Whitman,Orteaux,Jayo,"Universidad Distral ""Francisco José de Caldas""",worteauxr4@cnbc.com,03-384-7887
978,Arte,Hagan,Katz,Johannes-Gutenberg Universität Mainz,ahaganr5@unblog.fr,49-263-4128
979,Vladimir,Larder,Dabtype,Fordham University,vlarderr6@google.it,25-989-9700
980,Mariejeanne,Caldicot,Pixoboo,Belarussian State University,mcaldicotr7@flickr.com,18-845-1972
981,Torrie,Caldeyroux,Twitterbridge,Baikal National University of Economics and Law,tcaldeyrouxr8@mtv.com,58-769-3755
982,Dev,Bearham,Jaxnation,Novgorod State University,dbearhamr9@seattletimes.com,62-781-3572
983,Corrinne,Atto,Eadel,Amur State University,cattora@over-blog.com,57-004-3253
984,Kore,Ville,Aibox,Université Vincennes Saint-Denis (Paris VIII),kvillerb@illinois.edu,78-354-4745
985,Nev,Roller,Twiyo,Kursk State Medical University,nrollerrc@un.org,28-313-8003
986,Julienne,Benninger,Eazzy,Institut Supérieur de Gestion de Tunis,jbenningerrd@discuz.net,39-927-7350
987,Chicky,Trye,Vinte,National Taipei Teachers College,ctryere@un.org,34-960-6146
988,Boycie,Jerisch,Browsedrive,King Fahad University of Petroleum and Minerals,bjerischrf@tamu.edu,20-587-9808
989,Garvey,Rozzell,Dynava,Gallaudet University,grozzellrg@toplist.cz,94-498-5397
990,Levon,Tomaszynski,Skajo,Auburn University,ltomaszynskirh@comcast.net,19-349-3793
991,Candis,Bowlas,Riffwire,University of Medicine and Pharmacy of Timisoara,cbowlasri@nymag.com,54-692-5913
992,Anselm,Bullocke,Flipopia,University of Texas Health Center at Houston,abullockerj@virginia.edu,72-600-0363
993,Augustin,Surcombe,Feednation,Universidad Nacional del Sur,asurcomberk@arizona.edu,06-202-0546
994,Hatty,Oldacres,Cogidoo,Bentley College,holdacresrl@naver.com,70-910-0433
995,Winthrop,Matt,Buzzster,Uva Wellassa University,wmattrm@pinterest.com,48-065-9641
996,Tad,BoHlingolsen,Einti,Stephens College,tbohlingolsenrn@cdbaby.com,03-630-4883
997,Melodie,Spaunton,Twitterbeat,Roanoke College,mspauntonro@tamu.edu,72-779-8430
998,Armando,Nock,Kazio,Maharishi University of Management,anockrp@foxnews.com,37-072-1965
999,Hoyt,Mundie,Demimbu,Trinity University,hmundierq@tuttocitta.it,53-567-9631
1000,Nate,De'Vere - Hunt,Realfire,Yeshiva University,ndeverehuntrr@unesco.org,99-850-6036
